,OTUs,A,B,C,size,Class
1,ASV1,0.162993871,0.001421307,8.48E-05,5.48333116,A
2,ASV10,0.007034815,0.019820055,0.015177989,1.401095319,none
3,ASV100,0.000169514,0.000156474,0.004374756,0.156691442,C
4,ASV1000,0.000352067,0,0,0.011735559,A
5,ASV10009,0,9.13E-05,0.003566306,0.121919416,C
6,ASV1002,0.004537749,0,3.26E-05,0.152344938,A
7,ASV10023,0,6.52E-05,0.00054114,0.02021124,C
8,ASV1003,0.000162994,0.000293389,0.000286869,0.024775068,none
9,ASV1004,0.000117356,0.001251793,0.000443343,0.060416395,B
10,ASV1005,0.000325988,0.002777416,0.000697614,0.126700569,B
11,ASV1007,0.000104316,0,0.000469422,0.019124614,C
12,ASV101,0.000215152,0.000495501,0.002366671,0.102577476,C
13,ASV10104,0,5.87E-05,0.000449863,0.016951363,C
14,ASV1013,0.000143435,0,0.000684574,0.027600296,C
15,ASV1015,5.87E-05,0.000573738,0.001219194,0.061720346,C
16,ASV1019,0.000110836,0.000104316,0.000286869,0.016734037,C
17,ASV1022,0.000345547,7.17E-05,0.000449863,0.028904247,C
18,ASV1025,3.26E-05,0.00053462,0,0.018907289,B
19,ASV10251,0,3.26E-05,0.000625896,0.021949841,C
20,ASV1030,0.00132351,0.008599557,0,0.330768896,B
21,ASV1032,7.82E-05,0,0.000202112,0.009344982,C
22,ASV1058,3.91E-05,0.000130395,0.004655105,0.16082062,C
23,ASV1059,6.52E-05,0.000358587,0,0.014126136,B
24,ASV1065,5.87E-05,0,0.001486504,0.051506063,C
25,ASV1068,0.000560699,0,0,0.018689964,A
26,ASV107,0.00080193,0.000475942,0.000117356,0.046507585,A
27,ASV10804,0,0.000417264,0,0.01390881,B
28,ASV10832,0,0.000625896,0,0.020863216,B
29,ASV1090,5.87E-05,0.003136002,0.00160386,0.159951319,B
30,ASV11,0.00717173,0,0,0.239057678,A
31,ASV110,0.000215152,0.00134307,0.00079541,0.078454383,B
32,ASV11086,0,0.00212544,0,0.070848003,B
33,ASV11087,0,0.002177598,0,0.072586604,B
34,ASV11088,0,0.001708176,0,0.056939192,B
35,ASV11089,0,0.00133655,0.000130395,0.048898161,B
36,ASV11090,0,0.001271352,0,0.042378407,B
37,ASV11091,0,0.001173556,0,0.039118529,B
38,ASV11092,0,0.001206155,0.000130395,0.044551658,B
39,ASV11093,0,0.00107576,0,0.035858652,B
40,ASV11094,0,0.001167036,0,0.038901204,B
41,ASV11095,0,0.001199635,0,0.03998783,B
42,ASV11096,0,0.000997522,0,0.03325075,B
43,ASV11097,0,0.000964924,0,0.032164124,B
44,ASV11098,0,0.000932325,0,0.031077498,B
45,ASV11099,0,0.0010562,0,0.035206676,B
46,ASV111,0.000612857,0,0.000162994,0.025861694,A
47,ASV11100,0,0.000925805,0,0.030860173,B
48,ASV11101,0,0.001036641,0,0.034554701,B
49,ASV11102,0,0.000912766,0,0.030425523,B
50,ASV11103,0,0.000912766,0,0.030425523,B
51,ASV11104,0,0.000906246,0,0.030208198,B
52,ASV11105,0,0.000984483,0,0.032816099,B
53,ASV11106,0,0.00079541,0,0.02651367,B
54,ASV11107,0,0.00079541,0,0.02651367,B
55,ASV11108,0,0.000814969,0,0.027165645,B
56,ASV11109,0,0.000665015,0,0.022167167,B
57,ASV11110,0,0.000632416,0,0.021080541,B
58,ASV11111,0,0.000671535,0,0.022384492,B
59,ASV11112,0,0.000697614,0,0.023253792,B
60,ASV11113,0,0.000730213,0,0.024340418,B
61,ASV11114,0,0.000684574,0,0.022819142,B
62,ASV11115,0,0.000651975,0,0.021732516,B
63,ASV11116,0,0.000723693,0,0.024123093,B
64,ASV11117,0,0.000697614,0,0.023253792,B
65,ASV11118,0,0.000691094,0,0.023036467,B
66,ASV11119,0,0.000619377,0,0.02064589,B
67,ASV11120,0,0.000573738,0,0.019124614,B
68,ASV11121,0,0.000606337,0,0.02021124,B
69,ASV11122,0,0.000651975,0,0.021732516,B
70,ASV11123,0,0.000586778,0,0.019559265,B
71,ASV11124,0,0.000567219,0,0.018907289,B
72,ASV11125,0,0.000704134,0,0.023471117,B
73,ASV11126,0,0.000560699,0,0.018689964,B
74,ASV11127,0,0.000560699,0.01543226,0.533098622,C
75,ASV11128,0,0.000515061,0,0.017168688,B
76,ASV11129,0,0.000606337,0,0.02021124,B
77,ASV11130,0,0.000547659,0,0.018255314,B
78,ASV11131,0,0.000560699,0,0.018689964,B
79,ASV11132,0,0.00052158,0,0.017386013,B
80,ASV11133,0,0.000619377,0,0.02064589,B
81,ASV11134,0,0.000515061,0,0.017168688,B
82,ASV11135,0,0.000547659,0,0.018255314,B
83,ASV11136,0,0.000599817,0,0.019993915,B
84,ASV11137,0,0.000554179,6.52E-06,0.018689964,B
85,ASV11138,0,0.000599817,0,0.019993915,B
86,ASV11139,0,0.000586778,0,0.019559265,B
87,ASV11140,0,0.000606337,0,0.02021124,B
88,ASV11141,0,0.00054114,0,0.018037988,B
89,ASV11142,0,0.000495501,0,0.016516712,B
90,ASV11143,0,0.000469422,0,0.015647412,B
91,ASV11144,0,0.000475942,0,0.015864737,B
92,ASV11145,0,0.00053462,0,0.017820663,B
93,ASV11146,0,0.000488982,0,0.016299387,B
94,ASV11147,0,0.000508541,0,0.016951363,B
95,ASV11148,0,0.000488982,0,0.016299387,B
96,ASV11149,0,0.000456383,0,0.015212761,B
97,ASV11150,0,0.000475942,0,0.015864737,B
98,ASV11151,0,0.000449863,0,0.014995436,B
99,ASV11152,0,0.000404225,0,0.01347416,B
100,ASV11153,0,0.000423784,0,0.014126136,B
101,ASV11154,0,0.000495501,0,0.016516712,B
102,ASV11155,0,0.000423784,0,0.014126136,B
103,ASV11156,0,0.000495501,0,0.016516712,B
104,ASV11157,0,0.000436824,0,0.014560786,B
105,ASV11158,0,0.000404225,0,0.01347416,B
106,ASV11159,0,0.000417264,0,0.01390881,B
107,ASV1116,9.13E-05,0.001512583,0.00692398,0.284261312,C
108,ASV11160,0,0.000384666,0,0.012822185,B
109,ASV11161,0,0.000397705,0,0.013256835,B
110,ASV11162,0,0.000417264,0,0.01390881,B
111,ASV11163,0,0.000456383,0,0.015212761,B
112,ASV11164,0,0.000475942,0,0.015864737,B
113,ASV11165,0,0.000456383,0,0.015212761,B
114,ASV11166,0,0.000410745,0,0.013691485,B
115,ASV11167,0,0.000436824,0,0.014560786,B
116,ASV11168,0,0.000449863,0,0.014995436,B
117,ASV11169,0,0.000365106,0,0.012170209,B
118,ASV1117,1.30E-05,0,0.00027383,0.009562307,C
119,ASV11170,0,0.000443343,0,0.014778111,B
120,ASV11171,0,0.000404225,0,0.01347416,B
121,ASV11172,0,0.000332507,0,0.011083583,B
122,ASV11173,0,0.000319468,0,0.010648933,B
123,ASV11174,0,0.000345547,0,0.011518234,B
124,ASV11175,0,0.000378146,0,0.012604859,B
125,ASV11176,0,0.000404225,0,0.01347416,B
126,ASV11177,0,0.000371626,0,0.012387534,B
127,ASV11178,0,0.000325988,3.91E-05,0.012170209,B
128,ASV11179,0,0.000325988,6.52E-06,0.011083583,B
129,ASV11180,0,0.000306428,0,0.010214283,B
130,ASV11181,0,0.000280349,0,0.009344982,B
131,ASV11182,0,0.000280349,0,0.009344982,B
132,ASV11183,0,0.000299909,0,0.009996957,B
133,ASV11184,0,0.000358587,0,0.011952884,B
134,ASV11185,0,0.000325988,0,0.010866258,B
135,ASV11186,0,0.000299909,0,0.009996957,B
136,ASV11187,0,0.00027383,0,0.009127657,B
137,ASV11188,0,0.00025427,0,0.008475681,B
138,ASV11189,0,0.000299909,0.000110836,0.013691485,B
139,ASV11190,0,0.00026731,0,0.008910332,B
140,ASV11191,0,0.000221672,0,0.007389056,B
141,ASV11192,0,0.00025427,0,0.008475681,B
142,ASV11193,0,0.000228191,2.61E-05,0.008475681,B
143,ASV11194,0,0.000202112,0,0.00673708,B
144,ASV11196,0,0.000286869,0,0.009562307,B
145,ASV11198,0,0.000241231,0.000828009,0.035641327,C
146,ASV11200,0,0.000228191,1.30E-05,0.008041031,B
147,ASV11201,0,0.000221672,0,0.007389056,B
148,ASV11203,0,0.000234711,0,0.007823706,B
149,ASV11204,0,0.00026731,0,0.008910332,B
150,ASV11205,0,0.000208632,0,0.006954405,B
151,ASV11206,0,0.000234711,0,0.007823706,B
152,ASV11211,0,0.000215152,1.30E-05,0.007606381,B
153,ASV11212,0,0.000221672,0,0.007389056,B
154,ASV11243,0,0.000130395,0.000867127,0.03325075,C
155,ASV11251,0,0.000156474,0.000208632,0.012170209,C
156,ASV1126,1.96E-05,0.000228191,0,0.008258356,B
157,ASV1129,0.000352067,0.001688617,0.001375668,0.113878385,none
158,ASV113,0.000319468,0.000286869,0.002001565,0.086930065,C
159,ASV1134,8.48E-05,0.000436824,0.000404225,0.030860173,none
160,ASV1148,9.13E-05,0.000977963,0,0.035641327,B
161,ASV116,0.000502021,0.003325075,0.000860608,0.156256791,B
162,ASV1164,2.61E-05,0.000945364,0,0.032381449,B
163,ASV1186,6.52E-05,0.000456383,9.78E-05,0.02064589,B
164,ASV11949,0,6.52E-06,0.001897249,0.063458947,C
165,ASV1195,1.96E-05,2.61E-05,0.010718477,0.358803842,C
166,ASV1196,1.30E-05,0.000280349,0,0.009779632,B
167,ASV12,0.040865823,0.00027383,0.000130395,1.375668275,A
168,ASV1213,5.22E-05,0,0.000293389,0.011518234,C
169,ASV12183,0,6.52E-06,0.000202112,0.006954405,C
170,ASV12193,0,6.52E-06,0.000841048,0.028252271,C
171,ASV122,0.000847568,0.003142522,0.00027383,0.142130656,B
172,ASV12230,0,0,0.000339027,0.011300908,C
173,ASV1227,1.30E-05,0.000215152,0,0.007606381,B
174,ASV12294,0,6.52E-06,0.000638936,0.021515191,C
175,ASV1234,6.52E-06,0.000358587,0,0.012170209,B
176,ASV1237,1.30E-05,0,0.008149694,0.272091103,C
177,ASV124,0.000110836,0.000208632,1.30E-05,0.011083583,B
178,ASV12530,0,0,0.00026731,0.008910332,C
179,ASV12531,0,0,0.000560699,0.018689964,C
180,ASV12544,0,0,0.000632416,0.021080541,C
181,ASV12545,0,0,0.000215152,0.00717173,C
182,ASV12559,0,0,0.000502021,0.016734037,C
183,ASV12561,0,0,0.000665015,0.022167167,C
184,ASV12576,0,0,0.000358587,0.011952884,C
185,ASV12582,0,0,0.002262355,0.075411831,C
186,ASV12602,0,0,0.000397705,0.013256835,C
187,ASV12611,0,0,0.000247751,0.008258356,C
188,ASV12613,0,0,0.000932325,0.031077498,C
189,ASV12619,0,0,0.000775851,0.025861694,C
190,ASV12626,0,0,0.000228191,0.007606381,C
191,ASV12775,0,0,0.000365106,0.012170209,C
192,ASV12869,0,0,0.00025427,0.008475681,C
193,ASV13,0.010738036,4.56E-05,0,0.359455818,A
194,ASV1301,6.52E-06,0.000241231,0,0.008258356,B
195,ASV1314,6.52E-06,0.001245273,0.000691094,0.064762898,B
196,ASV13162,0,0,0.000280349,0.009344982,C
197,ASV133,0.003090364,0,0,0.103012127,A
198,ASV13398,0,0,0.000645456,0.021515191,C
199,ASV1382,0,0.000567219,0,0.018907289,B
200,ASV14,0.001610379,0,0,0.053679315,A
201,ASV14079,0,0,0.000736732,0.024557743,C
202,ASV14538,0,0,0.00026079,0.008693006,C
203,ASV149,0.002542704,0.013345938,0.001245273,0.571130525,B
204,ASV15,0.002601382,7.17E-05,0,0.089103316,A
205,ASV150,0.000169514,0.000423784,0.000899726,0.049767462,C
206,ASV1510,0.007993219,0,0,0.266440648,A
207,ASV1511,0.001264832,0,0,0.042161081,A
208,ASV1512,0.000867127,0.001453905,0.002171078,0.149737037,none
209,ASV1513,0.000417264,0,0.000547659,0.032164124,C
210,ASV1514,0.00026079,0.000293389,0.002229756,0.092797844,C
211,ASV1515,0.000299909,0.000345547,0.000991003,0.054548616,C
212,ASV1516,0.000286869,0.000417264,0.004863737,0.185595688,C
213,ASV1517,0.000247751,0.000358587,0.001995045,0.08671274,C
214,ASV1518,0.000475942,0,3.26E-05,0.016951363,A
215,ASV1519,0.000736732,0,0,0.024557743,A
216,ASV152,0.000612857,0.003279437,0.000619377,0.150389012,B
217,ASV1520,0.003924892,0,0,0.130829747,A
218,ASV1521,0.000195593,3.91E-05,0.000671535,0.030208198,C
219,ASV1522,0.000208632,0,0.000358587,0.018907289,C
220,ASV1523,0.000208632,0.00106924,0.000880167,0.071934629,none
221,ASV1524,0.000162994,0,0.000469422,0.021080541,C
222,ASV1525,0.000149954,0.000306428,0.000586778,0.034772026,C
223,ASV1526,0.000234711,0.000352067,0.000580258,0.038901204,none
224,ASV1527,0.000182553,0.000404225,3.26E-05,0.02064589,B
225,ASV1529,0.000162994,0,0.000221672,0.012822185,C
226,ASV1531,0.000156474,3.91E-05,0.000925805,0.037379928,C
227,ASV1534,0.000169514,0.000195593,0.000554179,0.030642848,C
228,ASV1535,0.000117356,0.000410745,0.000182553,0.023688443,B
229,ASV1537,0.000143435,0.000580258,0.001629939,0.078454383,C
230,ASV15373,0,0,0.000306428,0.010214283,C
231,ASV154,0.000149954,0,0.000319468,0.015647412,C
232,ASV15402,0,0,0.000352067,0.011735559,C
233,ASV15409,0,0,0.000749772,0.024992394,C
234,ASV15418,0,0,0.000404225,0.01347416,C
235,ASV15423,0,0,0.000436824,0.014560786,C
236,ASV15437,0,0,0.000417264,0.01390881,C
237,ASV1546,0.000117356,3.91E-05,0.000280349,0.014560786,C
238,ASV1547,0.000136915,0.001101839,0.001186595,0.08084496,none
239,ASV1548,0.000143435,0,0.000449863,0.01977659,C
240,ASV1557,0.000104316,0.000332507,0.00053462,0.032381449,C
241,ASV1562,0.000130395,0.000391185,0,0.017386013,B
242,ASV15647,0,0,0.000599817,0.019993915,C
243,ASV1565,0.000123875,4.56E-05,0.0005281,0.023253792,C
244,ASV15653,0,0,0.000482462,0.016082062,C
245,ASV15658,0,0,0.000469422,0.015647412,C
246,ASV1567,0.000104316,0,0.000599817,0.023471117,C
247,ASV1572,0.000371626,0,0,0.012387534,A
248,ASV15730,0,0,0.000202112,0.00673708,C
249,ASV15759,0,0,0.000860608,0.028686921,C
250,ASV158,0.000195593,0.000730213,0.000488982,0.04715956,B
251,ASV1580,0.000117356,0.000384666,0.000984483,0.049550137,C
252,ASV1581,0.000182553,0,0.000606337,0.026296345,C
253,ASV1582,0.000169514,0.000678055,0.000417264,0.042161081,B
254,ASV15828,0,0,0.000358587,0.011952884,C
255,ASV15854,0,0,0.000286869,0.009562307,C
256,ASV1587,0.000430304,0,0,0.014343461,A
257,ASV15873,0,0,0.000215152,0.00717173,C
258,ASV1589,0.000110836,0.000176033,0.000560699,0.028252271,C
259,ASV159,0.000834529,0,0.000462903,0.043247707,A
260,ASV1594,9.78E-05,0,0.000352067,0.014995436,C
261,ASV1596,7.82E-05,0,0.000215152,0.009779632,C
262,ASV16,0.000854088,0,0,0.028469596,A
263,ASV1607,7.17E-05,0,0.000554179,0.020863216,C
264,ASV1610,8.48E-05,0,0.000508541,0.01977659,C
265,ASV1616,9.13E-05,0,0.000619377,0.023688443,C
266,ASV1618,7.17E-05,0.000821489,0.00133003,0.07410788,C
267,ASV1620,8.48E-05,0.000234711,0.000110836,0.014343461,B
268,ASV1624,6.52E-05,0.000625896,0.001245273,0.064545573,C
269,ASV1625,9.78E-05,0,0.001238753,0.044551658,C
270,ASV1627,4.56E-05,0,0.000371626,0.01390881,C
271,ASV1629,0.000104316,0,0.000299909,0.01347416,C
272,ASV163,0.000971443,0.006721867,0.000136915,0.261007519,B
273,ASV1634,5.87E-05,0,0.0005281,0.019559265,C
274,ASV1642,3.91E-05,0.000391185,0.001030121,0.048680836,C
275,ASV1644,8.48E-05,0.00053462,0.000436824,0.035206676,B
276,ASV1645,3.91E-05,0.000775851,0.000436824,0.041726431,B
277,ASV1646,7.82E-05,0.00026731,0.001675577,0.0673708,C
278,ASV165,0.000665015,0.000417264,0.002066762,0.104968053,C
279,ASV1651,3.91E-05,8.48E-05,0.000286869,0.013691485,C
280,ASV1652,7.17E-05,0.000286869,0,0.011952884,B
281,ASV1655,7.17E-05,0.002457948,0.000299909,0.09431912,B
282,ASV1660,0.001460425,0,0,0.048680836,A
283,ASV1662,7.17E-05,0,0.001017082,0.036293302,C
284,ASV1665,7.17E-05,0,0.00106272,0.037814578,C
285,ASV1668,4.56E-05,0,0.00053462,0.019341939,C
286,ASV16685,0,0,0.000208632,0.006954405,C
287,ASV1669,7.17E-05,0,0.000293389,0.012170209,C
288,ASV16704,0,0,0.000280349,0.009344982,C
289,ASV1672,5.87E-05,7.82E-05,0.000312948,0.014995436,C
290,ASV1675,0.000339027,0,0,0.011300908,A
291,ASV1682,6.52E-05,0.00079541,1.30E-05,0.029121572,B
292,ASV1688,7.17E-05,0.000378146,0.00026079,0.023688443,B
293,ASV17,0.063450254,0.001473465,0.00187117,2.226496284,A
294,ASV1703,7.82E-05,0.000241231,0.000162994,0.016082062,B
295,ASV171,0.000782371,0,0,0.026079019,A
296,ASV1716,4.56E-05,6.52E-05,0.000299909,0.013691485,C
297,ASV1719,4.56E-05,0,0.000215152,0.008693006,C
298,ASV172,6.52E-05,0.000286869,9.13E-05,0.014778111,B
299,ASV1724,6.52E-05,0.000332507,0,0.013256835,B
300,ASV173,0.000123875,0.015256226,0.000443343,0.527448168,B
301,ASV17330,0,0,0.000299909,0.009996957,C
302,ASV1738,5.87E-05,0.000984483,0.000397705,0.048028861,B
303,ASV1743,6.52E-05,0,0.000352067,0.01390881,C
304,ASV1752,4.56E-05,0.000234711,0.00026079,0.018037988,none
305,ASV178,0.000593298,0.004100926,0.001453905,0.204937628,B
306,ASV1781,3.26E-05,0.000208632,0,0.008041031,B
307,ASV17862,0,0,0.001395228,0.046507585,C
308,ASV17866,0,0,0.000358587,0.011952884,C
309,ASV17869,0,0,0.001427826,0.04759421,C
310,ASV179,0.000176033,0.000306428,0.00027383,0.025209719,none
311,ASV17926,0,0,0.00025427,0.008475681,C
312,ASV17937,0,0,0.000671535,0.022384492,C
313,ASV17939,0,0,0.000299909,0.009996957,C
314,ASV17944,0,0,0.000502021,0.016734037,C
315,ASV17946,0,0,0.001440866,0.048028861,C
316,ASV17953,0,0,0.000358587,0.011952884,C
317,ASV1797,3.26E-05,0,0.000215152,0.008258356,C
318,ASV17977,0,0,0.000749772,0.024992394,C
319,ASV17978,0,0,0.000632416,0.021080541,C
320,ASV17986,0,0,0.000443343,0.014778111,C
321,ASV17994,0,0,0.000280349,0.009344982,C
322,ASV18,0.001662537,0,0.000691094,0.078454383,A
323,ASV18006,0,0,0.000404225,0.01347416,C
324,ASV18011,0,0,0.000932325,0.031077498,C
325,ASV18019,0,0,0.000208632,0.006954405,C
326,ASV18021,0,0,0.000678055,0.022601817,C
327,ASV18065,0,0,0.00026079,0.008693006,C
328,ASV18082,0,0,0.000691094,0.023036467,C
329,ASV18083,0,0,0.000293389,0.009779632,C
330,ASV18092,0,0,0.000234711,0.007823706,C
331,ASV181,0.001799452,0,0,0.059981745,A
332,ASV1810,4.56E-05,0.000325988,9.13E-05,0.015430086,B
333,ASV18108,0,0,0.00027383,0.009127657,C
334,ASV18118,0,0,0.000834529,0.027817621,C
335,ASV18120,0,0,0.000325988,0.010866258,C
336,ASV18205,0,0,0.000580258,0.019341939,C
337,ASV18218,0,0,0.00026079,0.008693006,C
338,ASV18220,0,0,0.000280349,0.009344982,C
339,ASV18227,0,0,0.000782371,0.026079019,C
340,ASV18235,0,0,0.000221672,0.007389056,C
341,ASV18253,0,0,0.00026731,0.008910332,C
342,ASV183,0.000162994,0.000143435,0.000436824,0.024775068,C
343,ASV1831,4.56E-05,0.000606337,0,0.021732516,B
344,ASV18311,0,0,0.000567219,0.018907289,C
345,ASV18351,0,0,0.00026731,0.008910332,C
346,ASV184,0.000404225,0.000436824,0.001427826,0.075629156,C
347,ASV18411,0,0,0.000391185,0.01303951,C
348,ASV18412,0,0,0.000234711,0.007823706,C
349,ASV18517,0,0,0.000345547,0.011518234,C
350,ASV18518,0,0,0.000358587,0.011952884,C
351,ASV18539,0,0,0.000697614,0.023253792,C
352,ASV18571,0,0,0.000286869,0.009562307,C
353,ASV18573,0,0,0.000404225,0.01347416,C
354,ASV186,0.001897249,0,0,0.063241622,A
355,ASV18737,0,0,0.000241231,0.008041031,C
356,ASV1874,5.22E-05,0.000110836,0.000358587,0.017386013,C
357,ASV18759,0,0,0.000293389,0.009779632,C
358,ASV18824,0,0,0.000286869,0.009562307,C
359,ASV1884,5.87E-05,0,0.000352067,0.013691485,C
360,ASV18962,0,0,0.000384666,0.012822185,C
361,ASV19,0.001219194,0,0,0.040639805,A
362,ASV19008,0,0,0.000873647,0.029121572,C
363,ASV19027,0,0,0.000280349,0.009344982,C
364,ASV19074,0,0,0.000247751,0.008258356,C
365,ASV1909,3.26E-05,0.000143435,0.000306428,0.016082062,C
366,ASV19221,0,0,0.000365106,0.012170209,C
367,ASV1925,2.61E-05,0,0.000515061,0.018037988,C
368,ASV1933,4.56E-05,0.000658495,0,0.023471117,B
369,ASV19359,0,0,0.00025427,0.008475681,C
370,ASV194,0.000162994,0.000136915,0.003781458,0.136045551,C
371,ASV1950,0.000169514,0,0.00026079,0.014343461,C
372,ASV19634,0,0,0.00026731,0.008910332,C
373,ASV1969,3.26E-05,0,0.000332507,0.012170209,C
374,ASV1987,3.26E-05,0.000325988,0,0.011952884,B
375,ASV1988,0.000208632,0.000886687,1.30E-05,0.036945278,B
376,ASV19974,0,0,0.000469422,0.015647412,C
377,ASV2,0.068920329,0.000723693,0.000612857,2.341895945,A
378,ASV20,0.009486243,3.91E-05,9.78E-05,0.320771939,A
379,ASV2008,2.61E-05,1.30E-05,0.00026079,0.009996957,C
380,ASV2024,4.56E-05,0.000241231,0.000312948,0.019993915,C
381,ASV2028,5.22E-05,3.26E-05,0.000932325,0.033902725,C
382,ASV2029,2.61E-05,0.000365106,0,0.01303951,B
383,ASV2059,1.96E-05,0.000638936,0,0.021949841,B
384,ASV2060,1.96E-05,0,0.000488982,0.016951363,C
385,ASV2089,1.96E-05,0.000215152,0,0.007823706,B
386,ASV21,0.002744817,0.000736732,0.000580258,0.135393576,A
387,ASV2119,4.56E-05,7.82E-05,0.000456383,0.019341939,C
388,ASV2123,3.26E-05,0,0.000286869,0.010648933,C
389,ASV2137,3.26E-05,0,0.000456383,0.016299387,C
390,ASV2153,2.61E-05,0.000299909,0.000599817,0.030860173,C
391,ASV2168,1.30E-05,0.000195593,0.000208632,0.01390881,C
392,ASV217,0.0015843,0.002184118,0.003866215,0.254487765,C
393,ASV21813,0,0,0.000580258,0.019341939,C
394,ASV22,0.000665015,9.13E-05,0.000345547,0.036727952,A
395,ASV220,0.000123875,0.000462903,0.000299909,0.029556222,B
396,ASV221,0.000176033,0.001193115,0.001669057,0.101273525,C
397,ASV2210,7.82E-05,9.78E-05,0.000475942,0.021732516,C
398,ASV2212,2.61E-05,0.000502021,8.48E-05,0.020428565,B
399,ASV2225,3.91E-05,0.00026731,0,0.010214283,B
400,ASV2227,1.96E-05,0,0.000430304,0.014995436,C
401,ASV225,0.000312948,0.000580258,0.000208632,0.036727952,B
402,ASV229,0.00027383,0.0005281,0.000645456,0.048246186,none
403,ASV23,0.002001565,0.009603599,0.002516625,0.470726301,B
404,ASV2301,1.96E-05,0,0.00026079,0.009344982,C
405,ASV231,0.00612205,0,0,0.204068327,A
406,ASV2316,1.96E-05,0.000228191,0,0.008258356,B
407,ASV2365,1.96E-05,0.000397705,0.000756292,0.039118529,C
408,ASV23828,0,0,0.000860608,0.028686921,C
409,ASV23829,0,0,0.000736732,0.024557743,C
410,ASV23830,0,0,0.000651975,0.021732516,C
411,ASV23831,0,0,0.000743252,0.024775068,C
412,ASV23832,0,0,0.000723693,0.024123093,C
413,ASV23833,0,0,0.000678055,0.022601817,C
414,ASV23834,0,0,0.000625896,0.020863216,C
415,ASV23835,0,0,0.000632416,0.021080541,C
416,ASV23836,0,0,0.000593298,0.01977659,C
417,ASV23837,0,0,0.000665015,0.022167167,C
418,ASV23838,0,0,0.000580258,0.019341939,C
419,ASV23839,0,0,0.000619377,0.02064589,C
420,ASV23840,0,0,0.000593298,0.01977659,C
421,ASV23841,0,0,0.000567219,0.018907289,C
422,ASV23842,0,0,0.000573738,0.019124614,C
423,ASV23843,0,0,0.00054114,0.018037988,C
424,ASV23844,0,0,0.000612857,0.020428565,C
425,ASV23845,0,0,0.000567219,0.018907289,C
426,ASV23846,0,0,0.000710653,0.023688443,C
427,ASV23847,0,0,0.000488982,0.016299387,C
428,ASV23848,0,0,0.000554179,0.018472639,C
429,ASV23849,0,0,0.000554179,0.018472639,C
430,ASV23850,0,0,0.0005281,0.017603338,C
431,ASV23851,0,0,0.000469422,0.015647412,C
432,ASV23852,0,0,0.000502021,0.016734037,C
433,ASV23853,0,0,0.000502021,0.016734037,C
434,ASV23854,0,0,0.000547659,0.018255314,C
435,ASV23855,0,0,0.000430304,0.014343461,C
436,ASV23856,0,0,0.000475942,0.015864737,C
437,ASV23857,0,0,0.000456383,0.015212761,C
438,ASV23858,0,0,0.000443343,0.014778111,C
439,ASV23859,0,0,0.000378146,0.012604859,C
440,ASV23860,0,0,0.000449863,0.014995436,C
441,ASV23861,0,0,0.000410745,0.013691485,C
442,ASV23862,0,0,0.000443343,0.014778111,C
443,ASV23863,0,0,0.000365106,0.012170209,C
444,ASV23864,0,0,0.000423784,0.014126136,C
445,ASV23865,0,0,0.000417264,0.01390881,C
446,ASV23866,0,0,0.000358587,0.011952884,C
447,ASV23867,0,0,0.000443343,0.014778111,C
448,ASV23868,0,0,0.000391185,0.01303951,C
449,ASV23869,0,0,0.000391185,0.01303951,C
450,ASV23870,0,0,0.000449863,0.014995436,C
451,ASV23871,0,0,0.000345547,0.011518234,C
452,ASV23872,0,0,0.000391185,0.01303951,C
453,ASV23873,0,0,0.000417264,0.01390881,C
454,ASV23874,0,0,0.000404225,0.01347416,C
455,ASV23875,0,0,0.000325988,0.010866258,C
456,ASV23876,0,0,0.000436824,0.014560786,C
457,ASV23877,0,0,0.000397705,0.013256835,C
458,ASV23878,0,0,0.000352067,0.011735559,C
459,ASV23879,0,0,0.000404225,0.01347416,C
460,ASV23880,0,0,0.000410745,0.013691485,C
461,ASV23881,0,0,0.000339027,0.011300908,C
462,ASV23882,0,0,0.000325988,0.010866258,C
463,ASV23883,0,0,0.000371626,0.012387534,C
464,ASV23884,0,0,0.000867127,0.028904247,C
465,ASV23885,0,0,0.000352067,0.011735559,C
466,ASV23886,0,0,0.000332507,0.011083583,C
467,ASV23887,0,0,0.000319468,0.010648933,C
468,ASV23888,0,0,0.000339027,0.011300908,C
469,ASV23889,0,0,0.000430304,0.014343461,C
470,ASV23890,0,0,0.000404225,0.01347416,C
471,ASV23891,0,0,0.000391185,0.01303951,C
472,ASV23892,0,0,0.000332507,0.011083583,C
473,ASV23893,0,0,0.000378146,0.012604859,C
474,ASV23894,0,0,0.000345547,0.011518234,C
475,ASV23895,0,0,0.000332507,0.011083583,C
476,ASV23896,0,0,0.000345547,0.011518234,C
477,ASV23897,0,0,0.000391185,0.01303951,C
478,ASV23898,0,0,0.00027383,0.009127657,C
479,ASV23899,0,0,0.000371626,0.012387534,C
480,ASV23900,0,0,0.000352067,0.011735559,C
481,ASV23901,0,0,0.000358587,0.011952884,C
482,ASV23902,0,0,0.000280349,0.009344982,C
483,ASV23903,0,0,0.000306428,0.010214283,C
484,ASV23904,0,0,0.000371626,0.012387534,C
485,ASV23905,0,0,0.000352067,0.011735559,C
486,ASV23906,0,0,0.000352067,0.011735559,C
487,ASV23907,0,0,0.000325988,0.010866258,C
488,ASV23908,0,0,0.000339027,0.011300908,C
489,ASV23909,0,0,0.000339027,0.011300908,C
490,ASV23910,0,0,0.000332507,0.011083583,C
491,ASV23911,0,0,0.000352067,0.011735559,C
492,ASV23912,0,0,0.000365106,0.012170209,C
493,ASV23913,0,0,0.000293389,0.009779632,C
494,ASV23914,0,0,0.000345547,0.011518234,C
495,ASV23915,0,0,0.000345547,0.011518234,C
496,ASV23916,0,0,0.000306428,0.010214283,C
497,ASV23917,0,0,0.000293389,0.009779632,C
498,ASV23918,0,0,0.000286869,0.009562307,C
499,ASV23919,0,0,0.000345547,0.011518234,C
500,ASV23920,0,0,0.000306428,0.010214283,C
501,ASV23921,0,0,0.000306428,0.010214283,C
502,ASV23922,0,0,0.000352067,0.011735559,C
503,ASV23923,0,0,0.000293389,0.009779632,C
504,ASV23924,0,0,0.000345547,0.011518234,C
505,ASV23925,0,0,0.000371626,0.012387534,C
506,ASV23926,0,0,0.000319468,0.010648933,C
507,ASV23927,0,0,0.000306428,0.010214283,C
508,ASV23928,0,0,0.00026079,0.008693006,C
509,ASV23929,0,0,0.000286869,0.009562307,C
510,ASV23930,0,0,0.000319468,0.010648933,C
511,ASV23931,0,0,0.00026731,0.008910332,C
512,ASV23932,0,0,0.00026079,0.008693006,C
513,ASV23933,0,0,0.000312948,0.010431608,C
514,ASV23934,0,0,0.000339027,0.011300908,C
515,ASV23935,0,0,0.000332507,0.011083583,C
516,ASV23936,0,0,0.000325988,0.010866258,C
517,ASV23937,0,0,0.000339027,0.011300908,C
518,ASV23938,0,0,0.000312948,0.010431608,C
519,ASV23939,0,0,0.00027383,0.009127657,C
520,ASV23940,0,0,0.000293389,0.009779632,C
521,ASV23941,0,0,0.000286869,0.009562307,C
522,ASV23942,0,0,0.000299909,0.009996957,C
523,ASV23943,0,0,0.00026731,0.008910332,C
524,ASV23944,0,0,0.00026079,0.008693006,C
525,ASV23945,0,0,0.00026731,0.008910332,C
526,ASV23946,0,0,0.000280349,0.009344982,C
527,ASV23947,0,0,0.000299909,0.009996957,C
528,ASV23948,0,0,0.000325988,0.010866258,C
529,ASV23949,0,0,0.00027383,0.009127657,C
530,ASV23950,0,0,0.00026079,0.008693006,C
531,ASV23951,0,0,0.000339027,0.011300908,C
532,ASV23952,0,0,0.00027383,0.009127657,C
533,ASV23953,0,0,0.000286869,0.009562307,C
534,ASV23954,0,0,0.000306428,0.010214283,C
535,ASV23955,0,0,0.00026079,0.008693006,C
536,ASV23956,0,0,0.00026079,0.008693006,C
537,ASV23957,0,0,0.00026079,0.008693006,C
538,ASV23958,0,0,0.000293389,0.009779632,C
539,ASV23959,0,0,0.000280349,0.009344982,C
540,ASV23960,0,0,0.000215152,0.00717173,C
541,ASV23961,0,0,0.000247751,0.008258356,C
542,ASV23962,0,0,0.000280349,0.009344982,C
543,ASV23963,0,0,0.000286869,0.009562307,C
544,ASV23964,0,0,0.000241231,0.008041031,C
545,ASV23965,0,0,0.00025427,0.008475681,C
546,ASV23966,0,0,0.000293389,0.009779632,C
547,ASV23967,0,0,0.00026731,0.008910332,C
548,ASV23968,0,0,0.000247751,0.008258356,C
549,ASV23969,0,0,0.000228191,0.007606381,C
550,ASV23970,0,0,0.000234711,0.007823706,C
551,ASV23971,0,0,0.000280349,0.009344982,C
552,ASV23972,0,0,0.000286869,0.009562307,C
553,ASV23973,0,0,0.000221672,0.007389056,C
554,ASV23974,0,0,0.000449863,0.014995436,C
555,ASV23975,0,0,0.00026079,0.008693006,C
556,ASV23976,0,0,0.000215152,0.00717173,C
557,ASV23977,0,0,0.00027383,0.009127657,C
558,ASV23978,0,0,0.000234711,0.007823706,C
559,ASV23979,0,0,0.000241231,0.008041031,C
560,ASV23980,0,0,0.00026079,0.008693006,C
561,ASV23981,0,0,0.00026731,0.008910332,C
562,ASV23982,0,0,0.00026079,0.008693006,C
563,ASV23983,0,0,0.000299909,0.009996957,C
564,ASV23984,0,0,0.00026079,0.008693006,C
565,ASV23985,0,0,0.00025427,0.008475681,C
566,ASV23986,0,0,0.000573738,0.019124614,C
567,ASV23987,0,0,0.000208632,0.006954405,C
568,ASV23988,0,0,0.000241231,0.008041031,C
569,ASV23989,0,0,0.000208632,0.006954405,C
570,ASV23990,0,0,0.000221672,0.007389056,C
571,ASV23991,0,0,0.000228191,0.007606381,C
572,ASV23992,0,0,0.000228191,0.007606381,C
573,ASV23993,0,0,0.00025427,0.008475681,C
574,ASV23994,0,0,0.00025427,0.008475681,C
575,ASV23995,0,0,0.000234711,0.007823706,C
576,ASV23996,0,0,0.000215152,0.00717173,C
577,ASV23997,0,0,0.00026731,0.008910332,C
578,ASV23998,0,0,0.000221672,0.007389056,C
579,ASV23999,0,0,0.000228191,0.007606381,C
580,ASV24,0.00052158,0.002542704,0.001766854,0.161037945,B
581,ASV24000,0,0,0.000221672,0.007389056,C
582,ASV24001,0,0,0.00025427,0.008475681,C
583,ASV24002,0,0,0.00025427,0.008475681,C
584,ASV24003,0,0,0.000208632,0.006954405,C
585,ASV24005,0,0,0.000241231,0.008041031,C
586,ASV24006,0,0,0.000312948,0.010431608,C
587,ASV24007,0,0,0.000234711,0.007823706,C
588,ASV24008,0,0,0.000241231,0.008041031,C
589,ASV24009,0,0,0.000234711,0.007823706,C
590,ASV24010,0,0,0.000247751,0.008258356,C
591,ASV24011,0,0,0.000241231,0.008041031,C
592,ASV24013,0,0,0.000234711,0.007823706,C
593,ASV24014,0,0,0.000202112,0.00673708,C
594,ASV24016,0,0,0.000202112,0.00673708,C
595,ASV24017,0,0,0.000280349,0.009344982,C
596,ASV24018,0,0,0.000215152,0.00717173,C
597,ASV24019,0,0,0.000208632,0.006954405,C
598,ASV24020,0,0,0.000208632,0.006954405,C
599,ASV24021,0,0,0.000247751,0.008258356,C
600,ASV24023,0,0,0.00026731,0.008910332,C
601,ASV24024,0,0,0.000215152,0.00717173,C
602,ASV24027,0,0,0.000202112,0.00673708,C
603,ASV24029,0,0,0.000410745,0.013691485,C
604,ASV24032,0,0,0.000215152,0.00717173,C
605,ASV24037,0,0,0.000215152,0.00717173,C
606,ASV24041,0,0,0.000208632,0.006954405,C
607,ASV24061,0,0,0.000854088,0.028469596,C
608,ASV24066,0,0,0.000384666,0.012822185,C
609,ASV2410,0.00027383,0,0,0.009127657,A
610,ASV24994,0,0,0.000743252,0.024775068,C
611,ASV24995,0,0,0.000938845,0.031294823,C
612,ASV24996,0,0,0.000651975,0.021732516,C
613,ASV24997,0,0,0.000632416,0.021080541,C
614,ASV24998,0,0,0.000658495,0.021949841,C
615,ASV24999,0,0,0.000397705,0.013256835,C
616,ASV25,0.009701395,0,0.000189073,0.329682271,A
617,ASV25000,0,0,0.000449863,0.014995436,C
618,ASV25001,0,0,0.000462903,0.015430086,C
619,ASV25002,0,0,0.000397705,0.013256835,C
620,ASV25003,0,0,0.000384666,0.012822185,C
621,ASV25004,0,0,0.000352067,0.011735559,C
622,ASV25005,0,0,0.000410745,0.013691485,C
623,ASV25006,0,0,0.000352067,0.011735559,C
624,ASV25007,0,0,0.000234711,0.007823706,C
625,ASV25008,0,0,0.000325988,0.010866258,C
626,ASV25009,0,0,0.000228191,0.007606381,C
627,ASV25010,0,0,0.000280349,0.009344982,C
628,ASV25011,0,0,0.000325988,0.010866258,C
629,ASV25012,0,0,0.000299909,0.009996957,C
630,ASV25013,0,0,0.00026731,0.008910332,C
631,ASV25014,0,0,0.000215152,0.00717173,C
632,ASV25015,0,0,0.000247751,0.008258356,C
633,ASV25016,0,0,0.000286869,0.009562307,C
634,ASV25017,0,0,0.00026731,0.008910332,C
635,ASV25019,0,0,0.000241231,0.008041031,C
636,ASV25020,0,0,0.00025427,0.008475681,C
637,ASV25021,0,0,0.00027383,0.009127657,C
638,ASV25022,0,0,0.000208632,0.006954405,C
639,ASV25023,0,0,0.000234711,0.007823706,C
640,ASV25024,0,0,0.000202112,0.00673708,C
641,ASV25025,0,0,0.000234711,0.007823706,C
642,ASV25026,0,0,0.000221672,0.007389056,C
643,ASV25027,0,0,0.000208632,0.006954405,C
644,ASV25029,0,0,0.000221672,0.007389056,C
645,ASV25038,0,0,0.000221672,0.007389056,C
646,ASV25057,0,0,0.000449863,0.014995436,C
647,ASV2513,1.30E-05,0.00052158,0,0.017820663,B
648,ASV25184,0,0,0.000299909,0.009996957,C
649,ASV2528,0.000189073,0.001199635,0.000130395,0.050636763,B
650,ASV25714,0,0,0.000365106,0.012170209,C
651,ASV25726,0,0,0.000345547,0.011518234,C
652,ASV26,0.000606337,0.001401747,0.001030121,0.101273525,none
653,ASV26001,0,0,0.000339027,0.011300908,C
654,ASV26086,0,0,0.000378146,0.012604859,C
655,ASV262,7.82E-05,0.000221672,0.000228191,0.017603338,none
656,ASV264,4.56E-05,0.000423784,0,0.015647412,B
657,ASV27,0.000495501,0.000215152,0,0.023688443,A
658,ASV27439,0,0,0.000638936,0.021297866,C
659,ASV27440,0,0,0.000704134,0.023471117,C
660,ASV27441,0,0,0.000384666,0.012822185,C
661,ASV27442,0,0,0.000391185,0.01303951,C
662,ASV27443,0,0,0.000423784,0.014126136,C
663,ASV27444,0,0,0.000352067,0.011735559,C
664,ASV27445,0,0,0.000423784,0.014126136,C
665,ASV27446,0,0,0.000332507,0.011083583,C
666,ASV27447,0,0,0.000332507,0.011083583,C
667,ASV27448,0,0,0.000306428,0.010214283,C
668,ASV27449,0,0,0.000339027,0.011300908,C
669,ASV27450,0,0,0.000384666,0.012822185,C
670,ASV27451,0,0,0.000345547,0.011518234,C
671,ASV27452,0,0,0.000332507,0.011083583,C
672,ASV27453,0,0,0.000371626,0.012387534,C
673,ASV27454,0,0,0.00026731,0.008910332,C
674,ASV27455,0,0,0.000293389,0.009779632,C
675,ASV27456,0,0,0.000247751,0.008258356,C
676,ASV27457,0,0,0.000215152,0.00717173,C
677,ASV27458,0,0,0.00027383,0.009127657,C
678,ASV27459,0,0,0.000247751,0.008258356,C
679,ASV27460,0,0,0.000241231,0.008041031,C
680,ASV27461,0,0,0.000371626,0.012387534,C
681,ASV27463,0,0,0.000208632,0.006954405,C
682,ASV27465,0,0,0.000208632,0.006954405,C
683,ASV27470,0,0,0.000228191,0.007606381,C
684,ASV28,0.000606337,0.000880167,0.002581823,0.135610901,C
685,ASV2804,2.61E-05,0.000651975,0.000306428,0.032816099,B
686,ASV28119,0,0,0.002164559,0.072151954,C
687,ASV285,0.011213978,0.000117356,3.26E-05,0.378797757,A
688,ASV2850,4.56E-05,0.013952275,0.000651975,0.488329639,B
689,ASV286,0.000391185,0,0.000573738,0.032164124,C
690,ASV29,0.001414787,0,0,0.04715956,A
691,ASV29017,0,0,0.000482462,0.016082062,C
692,ASV29018,0,0,0.000456383,0.015212761,C
693,ASV29019,0,0,0.000339027,0.011300908,C
694,ASV29020,0,0,0.000299909,0.009996957,C
695,ASV29021,0,0,0.00026079,0.008693006,C
696,ASV29022,0,0,0.000306428,0.010214283,C
697,ASV29023,0,0,0.000293389,0.009779632,C
698,ASV29024,0,0,0.00026731,0.008910332,C
699,ASV29025,0,0,0.00026731,0.008910332,C
700,ASV29026,0,0,0.00026079,0.008693006,C
701,ASV29027,0,0,0.000280349,0.009344982,C
702,ASV29028,0,0,0.00027383,0.009127657,C
703,ASV29029,0,0,0.00025427,0.008475681,C
704,ASV29030,0,0,0.000247751,0.008258356,C
705,ASV29031,0,0,0.000202112,0.00673708,C
706,ASV29032,0,0,0.000221672,0.007389056,C
707,ASV29033,0,0,0.000247751,0.008258356,C
708,ASV29035,0,0,0.000202112,0.00673708,C
709,ASV29037,0,0,0.000228191,0.007606381,C
710,ASV29039,0,0,0.000208632,0.006954405,C
711,ASV29040,0,0,0.000228191,0.007606381,C
712,ASV29054,0,0,0.000202112,0.00673708,C
713,ASV29079,0,0,0.000371626,0.012387534,C
714,ASV29156,0,0,0.000391185,0.01303951,C
715,ASV29225,0,0,0.000306428,0.010214283,C
716,ASV29273,0,0,0.000410745,0.013691485,C
717,ASV29302,0,0,0.000325988,0.010866258,C
718,ASV29339,0,0,0.000365106,0.012170209,C
719,ASV3,0.054994132,0.000932325,0.001277872,1.906810971,A
720,ASV30,0.000554179,0.000104316,0.000169514,0.027600296,A
721,ASV30445,0,0,0.00026079,0.008693006,C
722,ASV3053,0,0.005339679,0.001232234,0.219063763,B
723,ASV3059,0.000384666,0,0,0.012822185,A
724,ASV3065,0.000130395,0.000208632,7.82E-05,0.01390881,B
725,ASV3072,8.48E-05,0.000404225,0,0.016299387,B
726,ASV3074,9.13E-05,0.000358587,0.000358587,0.02694832,none
727,ASV31,0.000456383,5.22E-05,0,0.016951363,A
728,ASV3104,0.000704134,0,0,0.023471117,A
729,ASV3105,0.000130395,0.000195593,0.00054114,0.028904247,C
730,ASV3120,3.91E-05,0,0.001023602,0.035424001,C
731,ASV3131,3.26E-05,0,0.000234711,0.008910332,C
732,ASV3161,3.91E-05,0,0.000371626,0.013691485,C
733,ASV3168,0.000104316,0.001134437,0.001206155,0.081496936,none
734,ASV3185,3.26E-05,0,0.000306428,0.011300908,C
735,ASV32,0.001975486,0,0.000104316,0.069326727,A
736,ASV320,5.87E-05,2.61E-05,0.000332507,0.01390881,C
737,ASV33,0.000358587,0,0.000176033,0.017820663,A
738,ASV330,0.000475942,0.002523145,0.00053462,0.117790238,B
739,ASV3359,6.52E-06,0,0.012726561,0.424436041,C
740,ASV339,0.000971443,0.001401747,0.000234711,0.086930065,B
741,ASV3396,0.001173556,0.007575955,0.004433433,0.439431477,B
742,ASV3397,0.000906246,0,0,0.030208198,A
743,ASV3398,0.000638936,0,8.48E-05,0.024123093,A
744,ASV3399,0.000469422,0.001538662,0.001740775,0.124961968,none
745,ASV34,0.000423784,1.96E-05,0.00027383,0.023905768,A
746,ASV3400,0.000312948,0,0.000228191,0.018037988,A
747,ASV3401,0.000189073,0.001845091,0.00052158,0.085191463,B
748,ASV3402,0.000195593,0.000762811,5.22E-05,0.0336854,B
749,ASV3403,0.00025427,0.001082279,0,0.044551658,B
750,ASV3404,0.000169514,0,0.000306428,0.015864737,C
751,ASV3405,0.000117356,0.000345547,0,0.015430086,B
752,ASV3406,0.000143435,0.001955926,0,0.069978702,B
753,ASV3409,0.000169514,0.000625896,0,0.02651367,B
754,ASV3411,0.000130395,0.001440866,0.000202112,0.059112444,B
755,ASV3412,0.000156474,0.000554179,5.22E-05,0.025427044,B
756,ASV3413,0.000123875,0.000580258,0,0.023471117,B
757,ASV3414,0.000110836,0.000325988,7.82E-05,0.017168688,B
758,ASV3415,0.000123875,0.001140957,0,0.042161081,B
759,ASV3416,0.000117356,0.000743252,0.000182553,0.034772026,B
760,ASV3417,0.000110836,0.000423784,0,0.017820663,B
761,ASV3418,0.000130395,0.000606337,7.82E-05,0.027165645,B
762,ASV3419,0.000123875,0.000312948,0,0.014560786,B
763,ASV342,0.000136915,0.002255835,0.000814969,0.10692398,B
764,ASV3420,0.000117356,0.000651975,0,0.025644369,B
765,ASV3424,0.000104316,9.13E-05,0.000638936,0.027817621,C
766,ASV3426,8.48E-05,0.00080845,0.001193115,0.069544052,C
767,ASV3430,5.87E-05,0.000443343,0.000130395,0.021080541,B
768,ASV3431,5.87E-05,0.000299909,0,0.011952884,B
769,ASV3432,8.48E-05,0.000515061,0,0.019993915,B
770,ASV3434,8.48E-05,0.000821489,0,0.030208198,B
771,ASV3437,8.48E-05,0.000215152,0.00027383,0.019124614,none
772,ASV3438,4.56E-05,0.000221672,3.91E-05,0.010214283,B
773,ASV3439,7.17E-05,0.001512583,0.000573738,0.071934629,B
774,ASV3447,3.26E-05,0.000332507,0,0.012170209,B
775,ASV3455,5.22E-05,0.000625896,0.000423784,0.036727952,B
776,ASV3457,8.48E-05,0.000619377,0,0.023471117,B
777,ASV3467,5.87E-05,0.000280349,0,0.011300908,B
778,ASV347,4.56E-05,0,0.000280349,0.010866258,C
779,ASV3474,4.56E-05,1.30E-05,0.000378146,0.014560786,C
780,ASV3483,3.26E-05,0.00025427,0.001101839,0.046290259,C
781,ASV3492,4.56E-05,0.000312948,0,0.011952884,B
782,ASV3499,3.91E-05,0.000293389,0,0.011083583,B
783,ASV35,0.000378146,0,0,0.012604859,A
784,ASV3507,2.61E-05,0.000339027,0,0.012170209,B
785,ASV3509,1.30E-05,0.000762811,0.000723693,0.049984787,B
786,ASV3514,5.22E-05,0,0.000404225,0.015212761,C
787,ASV3525,3.26E-05,0,0.000573738,0.02021124,C
788,ASV35262,0,0,0.00133655,0.044551658,C
789,ASV35263,0,0,0.001173556,0.039118529,C
790,ASV35264,0,0,0.000769331,0.025644369,C
791,ASV35265,0,0,0.00079541,0.02651367,C
792,ASV35266,0,0,0.000756292,0.025209719,C
793,ASV35267,0,0,0.000638936,0.021297866,C
794,ASV35268,0,0,0.000717173,0.023905768,C
795,ASV35269,0,0,0.000612857,0.020428565,C
796,ASV35270,0,0,0.000560699,0.018689964,C
797,ASV35271,0,0,0.000599817,0.019993915,C
798,ASV35272,0,0,0.000606337,0.02021124,C
799,ASV35273,0,0,0.000482462,0.016082062,C
800,ASV35274,0,0,0.000469422,0.015647412,C
801,ASV35275,0,0,0.000502021,0.016734037,C
802,ASV35276,0,0,0.000502021,0.016734037,C
803,ASV35277,0,0,0.000443343,0.014778111,C
804,ASV35278,0,0,0.000495501,0.016516712,C
805,ASV35279,0,0,0.000469422,0.015647412,C
806,ASV35280,0,0,0.000397705,0.013256835,C
807,ASV35281,0,0,0.0005281,0.017603338,C
808,ASV35282,0,0,0.000404225,0.01347416,C
809,ASV35283,0,0,0.000404225,0.01347416,C
810,ASV35284,0,0,0.000391185,0.01303951,C
811,ASV35285,0,0,0.000352067,0.011735559,C
812,ASV35286,0,0,0.000397705,0.013256835,C
813,ASV35287,0,0,0.000378146,0.012604859,C
814,ASV35288,0,0,0.000371626,0.012387534,C
815,ASV35289,0,0,0.000384666,0.012822185,C
816,ASV35290,0,0,0.000293389,0.009779632,C
817,ASV35291,0,0,0.000358587,0.011952884,C
818,ASV35292,0,0,0.000345547,0.011518234,C
819,ASV35293,0,0,0.000391185,0.01303951,C
820,ASV35294,0,0,0.000358587,0.011952884,C
821,ASV35295,0,0,0.000404225,0.01347416,C
822,ASV35296,0,0,0.000436824,0.014560786,C
823,ASV35297,0,0,0.000325988,0.010866258,C
824,ASV35298,0,0,0.000339027,0.011300908,C
825,ASV35299,0,0,0.000299909,0.009996957,C
826,ASV35300,0,0,0.000312948,0.010431608,C
827,ASV35301,0,0,0.000436824,0.014560786,C
828,ASV35302,0,0,0.000358587,0.011952884,C
829,ASV35303,0,0,0.000319468,0.010648933,C
830,ASV35304,0,0,0.00027383,0.009127657,C
831,ASV35305,0,0,0.000345547,0.011518234,C
832,ASV35306,0,0,0.000371626,0.012387534,C
833,ASV35307,0,0,0.000339027,0.011300908,C
834,ASV35308,0,0,0.000365106,0.012170209,C
835,ASV35309,0,0,0.000345547,0.011518234,C
836,ASV35310,0,0,0.000384666,0.012822185,C
837,ASV35311,0,0,0.000280349,0.009344982,C
838,ASV35312,0,0,0.000280349,0.009344982,C
839,ASV35313,0,0,0.000312948,0.010431608,C
840,ASV35314,0,0,0.000384666,0.012822185,C
841,ASV35315,0,0,0.000319468,0.010648933,C
842,ASV35316,0,0,0.00027383,0.009127657,C
843,ASV35317,0,0,0.000306428,0.010214283,C
844,ASV35318,0,0,0.000293389,0.009779632,C
845,ASV35319,0,0,0.000345547,0.011518234,C
846,ASV35320,0,0,0.000280349,0.009344982,C
847,ASV35321,0,0,0.000384666,0.012822185,C
848,ASV35322,0,0,0.000352067,0.011735559,C
849,ASV35323,0,0,0.000358587,0.011952884,C
850,ASV35324,0,0,0.000332507,0.011083583,C
851,ASV35325,0,0,0.000325988,0.010866258,C
852,ASV35326,0,0,0.000280349,0.009344982,C
853,ASV35327,0,0,0.000293389,0.009779632,C
854,ASV35328,0,0,0.000325988,0.010866258,C
855,ASV35329,0,0,0.000286869,0.009562307,C
856,ASV35330,0,0,0.00025427,0.008475681,C
857,ASV35331,0,0,0.000325988,0.010866258,C
858,ASV35332,0,0,0.000312948,0.010431608,C
859,ASV35333,0,0,0.00025427,0.008475681,C
860,ASV35334,0,0,0.000325988,0.010866258,C
861,ASV35335,0,0,0.00027383,0.009127657,C
862,ASV35336,0,0,0.000312948,0.010431608,C
863,ASV35337,0,0,0.00027383,0.009127657,C
864,ASV35338,0,0,0.000286869,0.009562307,C
865,ASV35339,0,0,0.000325988,0.010866258,C
866,ASV35340,0,0,0.000319468,0.010648933,C
867,ASV35341,0,0,0.000280349,0.009344982,C
868,ASV35342,0,0,0.000312948,0.010431608,C
869,ASV35343,0,0,0.000345547,0.011518234,C
870,ASV35344,0,0,0.000215152,0.00717173,C
871,ASV35345,0,0,0.000280349,0.009344982,C
872,ASV35346,0,0,0.000234711,0.007823706,C
873,ASV35347,0,0,0.00026079,0.008693006,C
874,ASV35348,0,0,0.000299909,0.009996957,C
875,ASV35349,0,0,0.000280349,0.009344982,C
876,ASV35350,0,0,0.000286869,0.009562307,C
877,ASV35351,0,0,0.00026079,0.008693006,C
878,ASV35352,0,0,0.000241231,0.008041031,C
879,ASV35353,0,0,0.00025427,0.008475681,C
880,ASV35354,0,0,0.000306428,0.010214283,C
881,ASV35355,0,0,0.000280349,0.009344982,C
882,ASV35356,0,0,0.00025427,0.008475681,C
883,ASV35357,0,0,0.00025427,0.008475681,C
884,ASV35358,0,0,0.000319468,0.010648933,C
885,ASV35359,0,0,0.00026731,0.008910332,C
886,ASV35360,0,0,0.000293389,0.009779632,C
887,ASV35361,0,0,0.000241231,0.008041031,C
888,ASV35362,0,0,0.000286869,0.009562307,C
889,ASV35363,0,0,0.00027383,0.009127657,C
890,ASV35364,0,0,0.000319468,0.010648933,C
891,ASV35365,0,0,0.000332507,0.011083583,C
892,ASV35366,0,0,0.000247751,0.008258356,C
893,ASV35367,0,0,0.000293389,0.009779632,C
894,ASV35368,0,0,0.00026731,0.008910332,C
895,ASV35369,0,0,0.000299909,0.009996957,C
896,ASV35370,0,0,0.000286869,0.009562307,C
897,ASV35371,0,0,0.000221672,0.007389056,C
898,ASV35372,0,0,0.00025427,0.008475681,C
899,ASV35373,0,0,0.000280349,0.009344982,C
900,ASV35374,0,0,0.000339027,0.011300908,C
901,ASV35375,0,0,0.000293389,0.009779632,C
902,ASV35376,0,0,0.000247751,0.008258356,C
903,ASV35377,0,0,0.000221672,0.007389056,C
904,ASV35378,0,0,0.00027383,0.009127657,C
905,ASV35379,0,0,0.00026731,0.008910332,C
906,ASV3538,3.91E-05,7.82E-05,0.00027383,0.01303951,C
907,ASV35380,0,0,0.000215152,0.00717173,C
908,ASV35381,0,0,0.000221672,0.007389056,C
909,ASV35382,0,0,0.000247751,0.008258356,C
910,ASV35384,0,0,0.000247751,0.008258356,C
911,ASV35385,0,0,0.000234711,0.007823706,C
912,ASV35386,0,0,0.000202112,0.00673708,C
913,ASV35387,0,0,0.00025427,0.008475681,C
914,ASV35388,0,0,0.00025427,0.008475681,C
915,ASV35389,0,0,0.00026079,0.008693006,C
916,ASV35390,0,0,0.00025427,0.008475681,C
917,ASV35391,0,0,0.000228191,0.007606381,C
918,ASV35392,0,0,0.000228191,0.007606381,C
919,ASV35393,0,0,0.00026079,0.008693006,C
920,ASV35394,0,0,0.000247751,0.008258356,C
921,ASV35395,0,0,0.000299909,0.009996957,C
922,ASV35396,0,0,0.00025427,0.008475681,C
923,ASV35397,0,0,0.000215152,0.00717173,C
924,ASV35398,0,0,0.00027383,0.009127657,C
925,ASV35399,0,0,0.000234711,0.007823706,C
926,ASV35400,0,0,0.00026079,0.008693006,C
927,ASV35401,0,0,0.000221672,0.007389056,C
928,ASV35402,0,0,0.000228191,0.007606381,C
929,ASV35403,0,0,0.000202112,0.00673708,C
930,ASV35404,0,0,0.000280349,0.009344982,C
931,ASV35405,0,0,0.000202112,0.00673708,C
932,ASV35406,0,0,0.000234711,0.007823706,C
933,ASV35407,0,0,0.000221672,0.007389056,C
934,ASV35408,0,0,0.000228191,0.007606381,C
935,ASV35409,0,0,0.000247751,0.008258356,C
936,ASV35410,0,0,0.00027383,0.009127657,C
937,ASV35411,0,0,0.000241231,0.008041031,C
938,ASV35412,0,0,0.00025427,0.008475681,C
939,ASV35413,0,0,0.000247751,0.008258356,C
940,ASV35414,0,0,0.00025427,0.008475681,C
941,ASV35416,0,0,0.000215152,0.00717173,C
942,ASV35417,0,0,0.000280349,0.009344982,C
943,ASV35418,0,0,0.000221672,0.007389056,C
944,ASV35420,0,0,0.000221672,0.007389056,C
945,ASV35421,0,0,0.000215152,0.00717173,C
946,ASV35422,0,0,0.00026079,0.008693006,C
947,ASV35423,0,0,0.000202112,0.00673708,C
948,ASV35424,0,0,0.000202112,0.00673708,C
949,ASV35425,0,0,0.000208632,0.006954405,C
950,ASV35426,0,0,0.000241231,0.008041031,C
951,ASV35428,0,0,0.000228191,0.007606381,C
952,ASV35429,0,0,0.000228191,0.007606381,C
953,ASV35431,0,0,0.000241231,0.008041031,C
954,ASV35432,0,0,0.000234711,0.007823706,C
955,ASV35433,0,0,0.000215152,0.00717173,C
956,ASV35434,0,0,0.000221672,0.007389056,C
957,ASV35435,0,0,0.000215152,0.00717173,C
958,ASV35436,0,0,0.00025427,0.008475681,C
959,ASV35437,0,0,0.00025427,0.008475681,C
960,ASV35440,0,0,0.000247751,0.008258356,C
961,ASV35441,0,0,0.000208632,0.006954405,C
962,ASV35442,0,0,0.000202112,0.00673708,C
963,ASV35444,0,0,0.000202112,0.00673708,C
964,ASV35445,0,0,0.000202112,0.00673708,C
965,ASV35447,0,0,0.000221672,0.007389056,C
966,ASV35448,0,0,0.000234711,0.007823706,C
967,ASV35449,0,0,0.000202112,0.00673708,C
968,ASV35450,0,0,0.000234711,0.007823706,C
969,ASV35453,0,0,0.000208632,0.006954405,C
970,ASV35455,0,0,0.000221672,0.007389056,C
971,ASV35458,0,0,0.000208632,0.006954405,C
972,ASV35459,0,0,0.000208632,0.006954405,C
973,ASV35460,0,0,0.000221672,0.007389056,C
974,ASV35461,0,0,0.000215152,0.00717173,C
975,ASV35464,0,0,0.000221672,0.007389056,C
976,ASV35468,0,0,0.000208632,0.006954405,C
977,ASV35476,0,0,0.000221672,0.007389056,C
978,ASV35492,0,0,0.000208632,0.006954405,C
979,ASV35495,0,0,0.000208632,0.006954405,C
980,ASV35502,0,0,0.000202112,0.00673708,C
981,ASV35510,0,0,0.000208632,0.006954405,C
982,ASV35515,0,0,0.000215152,0.00717173,C
983,ASV35589,0,0,0.000202112,0.00673708,C
984,ASV3562,3.91E-05,0,0.00026079,0.009996957,C
985,ASV3571,2.61E-05,0.000391185,1.96E-05,0.014560786,B
986,ASV36,0.000384666,0.000899726,0,0.042813057,B
987,ASV360,0.000104316,0.001479984,0.000632416,0.073890555,B
988,ASV3610,3.26E-05,0.00026731,0,0.009996957,B
989,ASV3616,4.56E-05,0,0.000286869,0.011083583,C
990,ASV3621,3.26E-05,0.000299909,0,0.011083583,B
991,ASV3631,3.91E-05,0,0.000606337,0.021515191,C
992,ASV3640,1.30E-05,0.000234711,0.000202112,0.014995436,B
993,ASV3675,1.96E-05,0.000495501,0,0.017168688,B
994,ASV37,0.000645456,0,0,0.021515191,A
995,ASV3705,1.30E-05,0,0.000554179,0.018907289,C
996,ASV3719,1.96E-05,0,0.000925805,0.031512148,C
997,ASV3761,6.52E-06,0.000678055,0.000169514,0.028469596,B
998,ASV38,0.000775851,0,0,0.025861694,A
999,ASV382,0.000208632,0.000488982,0,0.023253792,B
1000,ASV385,6.52E-05,0.002184118,0.001121398,0.112357109,B
1001,ASV387,3.26E-05,0.000456383,0.000717173,0.040205155,C
1002,ASV39,0.000339027,8.48E-05,0.000469422,0.029773547,C
1003,ASV394,9.13E-05,0,0.000495501,0.019559265,C
1004,ASV395,5.87E-05,0.000286869,0.000234711,0.019341939,none
1005,ASV396,0.006493676,0,0.000143435,0.221237015,A
1006,ASV397,3.91E-05,0,0.00026731,0.010214283,C
1007,ASV3999,6.52E-06,0.000977963,8.48E-05,0.035641327,B
1008,ASV4,0.102614422,0.000619377,0.000169514,3.446777068,A
1009,ASV40,0.004818099,1.30E-05,0,0.161037945,A
1010,ASV400,3.91E-05,0,0.002086322,0.070848003,C
1011,ASV4007,0,0.000775851,0,0.025861694,B
1012,ASV4008,0,0.000717173,0.001440866,0.071934629,C
1013,ASV4009,0,0.000502021,0,0.016734037,B
1014,ASV4010,0,0.001636458,0.000215152,0.061720346,B
1015,ASV4011,0,0.000508541,0,0.016951363,B
1016,ASV4012,0,0.001036641,0,0.034554701,B
1017,ASV4013,0,0.002803495,0.00106272,0.128873821,B
1018,ASV4014,0,0.000515061,0,0.017168688,B
1019,ASV4015,0,0.000488982,0.000769331,0.041943756,C
1020,ASV4016,0,0.000547659,4.56E-05,0.01977659,B
1021,ASV4017,0,0.000449863,1.96E-05,0.015647412,B
1022,ASV4018,0,0.000397705,4.56E-05,0.014778111,B
1023,ASV4019,0,0.001036641,6.52E-05,0.036727952,B
1024,ASV4020,0,0.000365106,0.002112401,0.082583562,C
1025,ASV4021,0,0.001258313,0,0.041943756,B
1026,ASV4022,0,0.000339027,0.000156474,0.016516712,B
1027,ASV4023,0,0.000365106,0.000475942,0.028034946,C
1028,ASV4024,0,0.000306428,0.000371626,0.022601817,C
1029,ASV4025,0,0.000410745,0,0.013691485,B
1030,ASV4026,0,0.00213196,0.002888251,0.167340375,C
1031,ASV4027,0,0.000391185,0,0.01303951,B
1032,ASV4028,0,0.003090364,0.000625896,0.123875342,B
1033,ASV4029,0,0.000384666,0,0.012822185,B
1034,ASV4030,0,0.000899726,0.001121398,0.0673708,C
1035,ASV4031,0,0.00212544,0.000176033,0.076715782,B
1036,ASV4032,0,0.00131699,0.000912766,0.074325205,B
1037,ASV4033,0,0.000977963,0.000580258,0.051940714,B
1038,ASV4034,0,0.000312948,0,0.010431608,B
1039,ASV4035,0,0.000293389,0,0.009779632,B
1040,ASV4036,0,0.000339027,0,0.011300908,B
1041,ASV4037,0,0.000228191,3.91E-05,0.008910332,B
1042,ASV4038,0,0.000306428,0,0.010214283,B
1043,ASV4039,0,0.000332507,0,0.011083583,B
1044,ASV4040,0,0.000410745,9.13E-05,0.016734037,B
1045,ASV4042,0,0.00025427,0,0.008475681,B
1046,ASV4043,0,0.000241231,4.56E-05,0.009562307,B
1047,ASV4044,0,0.000202112,0,0.00673708,B
1048,ASV4045,0,0.000841048,0.000319468,0.038683879,B
1049,ASV4046,0,0.000234711,5.22E-05,0.009562307,B
1050,ASV4047,0,0.000247751,0,0.008258356,B
1051,ASV4048,0,0.000247751,0,0.008258356,B
1052,ASV405,4.56E-05,0.000515061,0.000345547,0.030208198,B
1053,ASV4050,0,0.000221672,9.13E-05,0.010431608,B
1054,ASV4051,0,0.000215152,0,0.00717173,B
1055,ASV4052,0,0.000195593,0.000560699,0.025209719,C
1056,ASV4053,0,0.000280349,0,0.009344982,B
1057,ASV4055,0,0.000202112,0.000130395,0.011083583,B
1058,ASV4056,0,0.000391185,0,0.01303951,B
1059,ASV4057,0,0.000202112,0,0.00673708,B
1060,ASV4058,0,0.000241231,0,0.008041031,B
1061,ASV4059,0,0.000202112,0,0.00673708,B
1062,ASV406,3.26E-05,0.000365106,0.000189073,0.019559265,B
1063,ASV4060,0,0.000195593,0.001408267,0.05346199,C
1064,ASV4061,0,0.000221672,6.52E-06,0.007606381,B
1065,ASV4062,0,0.000208632,0,0.006954405,B
1066,ASV4063,0,0.000202112,0,0.00673708,B
1067,ASV4065,0,0.000189073,0.001356109,0.051506063,C
1068,ASV4066,0,0.000202112,0.001232234,0.047811536,C
1069,ASV4069,0,0.000182553,0.000299909,0.016082062,C
1070,ASV4070,0,0.000215152,5.87E-05,0.009127657,B
1071,ASV4071,0,0.000202112,0,0.00673708,B
1072,ASV4075,0,0.000208632,0,0.006954405,B
1073,ASV4076,0,0.000182553,0.000606337,0.026296345,C
1074,ASV4077,0,0.000215152,0,0.00717173,B
1075,ASV4082,0,0.000221672,0,0.007389056,B
1076,ASV4088,0,0.000202112,0,0.00673708,B
1077,ASV4099,0,0.00052158,0.000684574,0.040205155,C
1078,ASV41,0.000306428,0.001571261,0.000704134,0.086060764,B
1079,ASV4107,0,0.00159082,0.000339027,0.064328248,B
1080,ASV4115,0,0.001577781,3.26E-05,0.053679315,B
1081,ASV4134,0,0.000136915,0.000573738,0.023688443,C
1082,ASV4148,0,0.000645456,0.000182553,0.027600296,B
1083,ASV415,0.000169514,0.08510888,0.015640892,3.363976181,B
1084,ASV4158,0,0.000104316,0.000384666,0.016299387,C
1085,ASV4163,0,0.000136915,0.001004042,0.038031903,C
1086,ASV4177,0,0.000756292,0.000397705,0.038466554,B
1087,ASV4181,0,0.002268875,0.000104316,0.079106359,B
1088,ASV42,0.001786413,0,0,0.059547094,A
1089,ASV4208,0,0.000241231,0.001017082,0.041943756,C
1090,ASV421,3.26E-05,0,0.000378146,0.013691485,C
1091,ASV4221,0,0.000495501,0,0.016516712,B
1092,ASV4248,0,0.000215152,0.000325988,0.018037988,C
1093,ASV4249,0,0.000475942,1.96E-05,0.016516712,B
1094,ASV425,9.13E-05,0.000391185,0.000123875,0.02021124,B
1095,ASV4263,0,0.000104316,0.000228191,0.011083583,C
1096,ASV4266,0,0.000371626,0,0.012387534,B
1097,ASV4283,0,0.000195593,0.000391185,0.019559265,C
1098,ASV4284,0,0.000632416,0.000130395,0.025427044,B
1099,ASV4285,0,0.000515061,0.000202112,0.023905768,B
1100,ASV4286,0,0.000854088,0.000110836,0.032164124,B
1101,ASV4289,0,0.000515061,5.22E-05,0.018907289,B
1102,ASV43,0.000469422,0.000136915,0.000469422,0.035858652,none
1103,ASV4305,0,0.000156474,0.000371626,0.017603338,C
1104,ASV4306,0,6.52E-05,0.00025427,0.010648933,C
1105,ASV4326,0,0.000475942,0.000443343,0.030642848,B
1106,ASV4336,0,0.000397705,0.000658495,0.035206676,C
1107,ASV4354,0,0.000684574,0.000202112,0.029556222,B
1108,ASV4378,0,7.17E-05,0.000339027,0.013691485,C
1109,ASV4380,0,0.000280349,4.56E-05,0.010866258,B
1110,ASV4388,0,0.00026079,1.30E-05,0.009127657,B
1111,ASV4394,0,0.000352067,0.000325988,0.022601817,B
1112,ASV44,0.000332507,0.001036641,0.002040683,0.11366106,C
1113,ASV441,3.26E-05,0,0.000345547,0.012604859,C
1114,ASV4424,0,0.001017082,0.000130395,0.038249228,B
1115,ASV4428,0,0.000599817,0.000117356,0.023905768,B
1116,ASV4463,0,0.00026731,6.52E-05,0.011083583,B
1117,ASV447,0.000104316,0.000880167,0.002379711,0.112139784,C
1118,ASV45,0.000339027,0,0,0.011300908,A
1119,ASV4501,0,3.26E-05,0.000449863,0.016082062,C
1120,ASV46,0.027682879,0.000417264,0.000821489,0.964054418,A
1121,ASV462,1.96E-05,0,0.00025427,0.009127657,C
1122,ASV464,3.91E-05,0.000202112,0.000149954,0.01303951,B
1123,ASV4659,0,0.000430304,6.52E-06,0.014560786,B
1124,ASV47,0.000951884,0.004394315,0.000312948,0.188638241,B
1125,ASV4737,0,0.000723693,0.000143435,0.028904247,B
1126,ASV476,3.91E-05,0.00078889,0,0.027600296,B
1127,ASV479,2.61E-05,0,0.000234711,0.008693006,C
1128,ASV48,0.000397705,0.000834529,0.001160516,0.079758334,none
1129,ASV480,2.61E-05,1.30E-05,0.000964924,0.033468075,C
1130,ASV489,2.61E-05,0,0.000234711,0.008693006,C
1131,ASV49,0.000221672,1.96E-05,0,0.008041031,A
1132,ASV5,0.098004955,0.000352067,0.000339027,3.289868301,A
1133,ASV50,0.000358587,0.000671535,0.00131699,0.078237058,C
1134,ASV5096,0,0.000378146,0,0.012604859,B
1135,ASV51,0.000332507,0,0,0.011083583,A
1136,ASV510,4.56E-05,0.000502021,0,0.018255314,B
1137,ASV5147,0,0.000202112,0,0.00673708,B
1138,ASV522,3.26E-05,0.000410745,0,0.014778111,B
1139,ASV53,0.000228191,0.000762811,0.001636458,0.08758204,C
1140,ASV539,0.000143435,0,0.000554179,0.023253792,C
1141,ASV5417,0,0.004544269,0.000123875,0.155604816,B
1142,ASV5418,0,0.001232234,0.000384666,0.05389664,B
1143,ASV5419,0,0.00134307,1.96E-05,0.045420959,B
1144,ASV542,5.87E-05,0.000384666,0,0.014778111,B
1145,ASV5420,0,0.002105881,0.001258313,0.112139784,B
1146,ASV5421,0,0.001010562,0.000241231,0.041726431,B
1147,ASV5422,0,0.001004042,0.000208632,0.04042248,B
1148,ASV5423,0,0.000730213,0.000345547,0.035858652,B
1149,ASV5424,0,0.000508541,0.000234711,0.024775068,B
1150,ASV5425,0,0.00052158,0.000299909,0.02738297,B
1151,ASV5426,0,0.000469422,0,0.015647412,B
1152,ASV5427,0,0.000423784,0,0.014126136,B
1153,ASV5428,0,0.000410745,0,0.013691485,B
1154,ASV5429,0,0.000384666,0.000247751,0.021080541,B
1155,ASV5430,0,0.000358587,9.13E-05,0.014995436,B
1156,ASV5431,0,0.000358587,0,0.011952884,B
1157,ASV5432,0,0.000358587,0.00025427,0.020428565,B
1158,ASV5433,0,0.00027383,7.17E-05,0.011518234,B
1159,ASV5434,0,0.000404225,0,0.01347416,B
1160,ASV5435,0,0.000495501,0.000299909,0.02651367,B
1161,ASV5436,0,0.000325988,0,0.010866258,B
1162,ASV5437,0,0.000325988,0.000625896,0.031729474,C
1163,ASV5438,0,0.00026731,0,0.008910332,B
1164,ASV5439,0,0.000384666,0.000110836,0.016516712,B
1165,ASV5440,0,0.000325988,0,0.010866258,B
1166,ASV5441,0,0.000319468,0,0.010648933,B
1167,ASV5442,0,0.000293389,0,0.009779632,B
1168,ASV5443,0,0.000293389,0,0.009779632,B
1169,ASV5444,0,0.000280349,0,0.009344982,B
1170,ASV5445,0,0.000306428,7.17E-05,0.012604859,B
1171,ASV5446,0,0.000339027,0,0.011300908,B
1172,ASV5447,0,0.000332507,0.000117356,0.014995436,B
1173,ASV5448,0,0.000280349,8.48E-05,0.012170209,B
1174,ASV5449,0,0.000241231,0,0.008041031,B
1175,ASV5450,0,0.000775851,0.036569305,1.244838527,C
1176,ASV5451,0,0.000306428,0,0.010214283,B
1177,ASV5452,0,0.000241231,0,0.008041031,B
1178,ASV5453,0,0.000306428,0,0.010214283,B
1179,ASV5454,0,0.000286869,0,0.009562307,B
1180,ASV5455,0,0.000325988,0,0.010866258,B
1181,ASV5456,0,0.000286869,0,0.009562307,B
1182,ASV5457,0,0.000319468,0,0.010648933,B
1183,ASV5458,0,0.000299909,0,0.009996957,B
1184,ASV5459,0,0.000339027,0,0.011300908,B
1185,ASV5460,0,0.000286869,0,0.009562307,B
1186,ASV5461,0,0.000508541,0.000202112,0.023688443,B
1187,ASV5462,0,0.00026079,2.61E-05,0.009562307,B
1188,ASV5463,0,0.00026079,0,0.008693006,B
1189,ASV5464,0,0.00026079,0,0.008693006,B
1190,ASV5465,0,0.000221672,7.82E-05,0.009996957,B
1191,ASV5466,0,0.00026731,0,0.008910332,B
1192,ASV5467,0,0.00027383,0,0.009127657,B
1193,ASV5468,0,0.000234711,0,0.007823706,B
1194,ASV5469,0,0.000306428,0,0.010214283,B
1195,ASV5470,0,0.000247751,0,0.008258356,B
1196,ASV5471,0,0.000306428,0.000104316,0.013691485,B
1197,ASV5472,0,0.000293389,0,0.009779632,B
1198,ASV5473,0,0.000280349,0,0.009344982,B
1199,ASV5474,0,0.00027383,0,0.009127657,B
1200,ASV5475,0,0.000247751,0,0.008258356,B
1201,ASV5476,0,0.000241231,0,0.008041031,B
1202,ASV5477,0,0.000293389,0,0.009779632,B
1203,ASV5478,0,0.000286869,0,0.009562307,B
1204,ASV5479,0,0.00027383,0,0.009127657,B
1205,ASV5480,0,0.000247751,0,0.008258356,B
1206,ASV5481,0,0.000293389,0,0.009779632,B
1207,ASV5482,0,0.00027383,0.000149954,0.014126136,B
1208,ASV5483,0,0.00026731,9.78E-05,0.012170209,B
1209,ASV5484,0,0.000228191,0,0.007606381,B
1210,ASV5485,0,0.000228191,0.000123875,0.011735559,B
1211,ASV5486,0,0.00027383,0,0.009127657,B
1212,ASV5487,0,0.000286869,0,0.009562307,B
1213,ASV5488,0,0.000202112,0,0.00673708,B
1214,ASV549,0.001153997,0,3.91E-05,0.039770505,A
1215,ASV5490,0,0.000247751,0,0.008258356,B
1216,ASV5491,0,0.00026079,3.91E-05,0.009996957,B
1217,ASV5492,0,0.000208632,0,0.006954405,B
1218,ASV5493,0,0.000208632,0,0.006954405,B
1219,ASV5494,0,0.00027383,0,0.009127657,B
1220,ASV5495,0,0.000228191,0,0.007606381,B
1221,ASV5496,0,0.000208632,3.91E-05,0.008258356,B
1222,ASV5497,0,0.000241231,0,0.008041031,B
1223,ASV5498,0,0.000215152,0,0.00717173,B
1224,ASV5499,0,0.00025427,0.000228191,0.016082062,B
1225,ASV55,0.000208632,0.000632416,0.000632416,0.049115487,none
1226,ASV5501,0,0.00026079,0,0.008693006,B
1227,ASV5502,0,0.00026079,0,0.008693006,B
1228,ASV5503,0,0.000247751,9.78E-05,0.011518234,B
1229,ASV5504,0,0.00026731,0,0.008910332,B
1230,ASV5505,0,0.000241231,0,0.008041031,B
1231,ASV5506,0,0.00025427,0,0.008475681,B
1232,ASV5507,0,0.00026731,0,0.008910332,B
1233,ASV5508,0,0.000234711,0,0.007823706,B
1234,ASV5509,0,0.000515061,0.000404225,0.030642848,B
1235,ASV5510,0,0.000241231,0,0.008041031,B
1236,ASV5511,0,0.00026079,0,0.008693006,B
1237,ASV5512,0,0.000241231,0,0.008041031,B
1238,ASV5513,0,0.00026731,0,0.008910332,B
1239,ASV5514,0,0.000234711,0,0.007823706,B
1240,ASV5515,0,0.00026731,0,0.008910332,B
1241,ASV5517,0,0.000228191,0,0.007606381,B
1242,ASV5519,0,0.000202112,0,0.00673708,B
1243,ASV5521,0,0.000202112,0,0.00673708,B
1244,ASV5522,0,0.000221672,0,0.007389056,B
1245,ASV5523,0,0.000215152,0,0.00717173,B
1246,ASV5524,0,0.000202112,0,0.00673708,B
1247,ASV5525,0,0.000221672,0,0.007389056,B
1248,ASV5527,0,0.000241231,0,0.008041031,B
1249,ASV5528,0,0.00025427,0,0.008475681,B
1250,ASV5529,0,0.000241231,0,0.008041031,B
1251,ASV5530,0,0.000221672,0,0.007389056,B
1252,ASV5531,0,0.000241231,0.000293389,0.017820663,C
1253,ASV5532,0,0.000228191,0,0.007606381,B
1254,ASV5533,0,0.000247751,0,0.008258356,B
1255,ASV5534,0,0.000234711,0,0.007823706,B
1256,ASV5535,0,0.00026079,0,0.008693006,B
1257,ASV5536,0,0.000215152,0,0.00717173,B
1258,ASV5537,0,0.000234711,0,0.007823706,B
1259,ASV5540,0,0.000247751,0,0.008258356,B
1260,ASV5543,0,0.000221672,0,0.007389056,B
1261,ASV5544,0,0.000215152,0,0.00717173,B
1262,ASV5547,0,0.000208632,0,0.006954405,B
1263,ASV5548,0,0.000241231,0,0.008041031,B
1264,ASV5549,0,0.000208632,0,0.006954405,B
1265,ASV5550,0,0.000202112,0,0.00673708,B
1266,ASV5552,0,0.000202112,0,0.00673708,B
1267,ASV5554,0,0.000241231,0,0.008041031,B
1268,ASV5557,0,0.000221672,9.13E-05,0.010431608,B
1269,ASV5558,0,0.000208632,0,0.006954405,B
1270,ASV5564,0,0.000221672,0,0.007389056,B
1271,ASV5569,0,0.000215152,0,0.00717173,B
1272,ASV5570,0,0.00025427,0,0.008475681,B
1273,ASV5571,0,0.000202112,0,0.00673708,B
1274,ASV5572,0,0.000221672,0,0.007389056,B
1275,ASV5574,0,0.000221672,0.000143435,0.012170209,B
1276,ASV5576,0,0.000202112,0,0.00673708,B
1277,ASV5577,0,0.000208632,0,0.006954405,B
1278,ASV5579,0,0.000215152,0,0.00717173,B
1279,ASV5581,0,0.000208632,0,0.006954405,B
1280,ASV5582,0,0.000202112,0,0.00673708,B
1281,ASV5584,0,0.000215152,0,0.00717173,B
1282,ASV5585,0,0.000208632,0,0.006954405,B
1283,ASV5588,0,0.000202112,3.26E-05,0.007823706,B
1284,ASV5590,0,0.000202112,0.000136915,0.011300908,B
1285,ASV5593,0,0.000208632,0,0.006954405,B
1286,ASV5594,0,0.000208632,0,0.006954405,B
1287,ASV5595,0,0.000221672,0,0.007389056,B
1288,ASV5597,0,0.000202112,0,0.00673708,B
1289,ASV5599,0,0.000391185,0.000873647,0.042161081,C
1290,ASV56,0.000221672,0.000391185,0.000619377,0.041074456,C
1291,ASV5601,0,0.000182553,0.000293389,0.015864737,C
1292,ASV5605,0,0.000208632,0.000110836,0.010648933,B
1293,ASV5611,0,0.000456383,7.17E-05,0.017603338,B
1294,ASV5618,0,0.000215152,0,0.00717173,B
1295,ASV562,3.91E-05,0.002073282,0.001356109,0.115616986,B
1296,ASV5637,0,0.000202112,9.13E-05,0.009779632,B
1297,ASV5649,0,0.000202112,0.000241231,0.014778111,C
1298,ASV5685,0,0.000469422,0,0.015647412,B
1299,ASV5689,0,0.000625896,0.000169514,0.02651367,B
1300,ASV57,0.000443343,0.000893206,0.000567219,0.063458947,none
1301,ASV5719,0,0.000502021,4.56E-05,0.018255314,B
1302,ASV5720,0,0.000332507,0.000169514,0.016734037,B
1303,ASV574,0.000123875,0.000312948,0.00078889,0.04085713,C
1304,ASV5741,0,0.000130395,0.000208632,0.011300908,C
1305,ASV5758,0,0.000189073,0.000567219,0.025209719,C
1306,ASV578,1.96E-05,7.17E-05,0.000436824,0.017603338,C
1307,ASV58,0.000169514,0,0.000221672,0.01303951,C
1308,ASV5814,0,0.000104316,0.000345547,0.014995436,C
1309,ASV5834,0,0.000775851,1.30E-05,0.026296345,B
1310,ASV5844,0,9.78E-05,0.00026079,0.011952884,C
1311,ASV59,0.000189073,0.005281001,0.001466945,0.231233972,B
1312,ASV5940,0,0.000456383,0.00027383,0.024340418,B
1313,ASV6,0.026985265,0.000149954,4.56E-05,0.9060286,A
1314,ASV60,0.000169514,9.13E-05,0.000449863,0.023688443,C
1315,ASV6048,0,9.78E-05,0.001284392,0.046072934,C
1316,ASV6074,0,0.000717173,0,0.023905768,B
1317,ASV61,0.002327552,0,0,0.077585083,A
1318,ASV6142,0,0.000625896,1.30E-05,0.021297866,B
1319,ASV6146,0,0.000312948,0,0.010431608,B
1320,ASV62,0.000280349,0.000293389,0.000958404,0.051071413,C
1321,ASV6277,0,7.82E-05,0.000208632,0.009562307,C
1322,ASV6297,0,0.000469422,0,0.015647412,B
1323,ASV6299,0,6.52E-05,0.000221672,0.009562307,C
1324,ASV63,0.000149954,7.17E-05,0.000202112,0.014126136,none
1325,ASV64,0.000202112,0.00026079,0.000449863,0.030425523,none
1326,ASV6547,0,1.96E-05,0.000312948,0.011083583,C
1327,ASV656,3.26E-05,0.012309297,0.002105881,0.481592559,B
1328,ASV66,0.000723693,0,0,0.024123093,A
1329,ASV665,2.61E-05,0,0.000371626,0.013256835,C
1330,ASV666,6.52E-06,0,0.000651975,0.021949841,C
1331,ASV672,0,0,0.000299909,0.009996957,C
1332,ASV697,1.96E-05,0,0.000684574,0.023471117,C
1333,ASV7,0.026717955,0.000162994,0,0.896031643,A
1334,ASV715,0.000215152,0.006017734,0.001082279,0.243838832,B
1335,ASV738,1.96E-05,0.003331595,0.00106924,0.14734646,B
1336,ASV7505,0,0.000215152,0,0.00717173,B
1337,ASV78,0.000189073,0.000143435,0.039966097,1.343286826,C
1338,ASV7837,0,0.001701656,0,0.056721867,B
1339,ASV7838,0,0.000906246,0.000156474,0.035424001,B
1340,ASV7839,0,0.001277872,2.61E-05,0.043465032,B
1341,ASV7840,0,0.000573738,0,0.019124614,B
1342,ASV7841,0,0.000619377,0.000130395,0.024992394,B
1343,ASV7842,0,0.000488982,0,0.016299387,B
1344,ASV7843,0,0.000404225,0,0.01347416,B
1345,ASV7844,0,0.000475942,0,0.015864737,B
1346,ASV7845,0,0.000475942,0.000430304,0.030208198,B
1347,ASV7846,0,0.000404225,0,0.01347416,B
1348,ASV7847,0,0.000417264,0,0.01390881,B
1349,ASV7848,0,0.000436824,0.000156474,0.01977659,B
1350,ASV7849,0,0.000358587,0,0.011952884,B
1351,ASV7850,0,0.000371626,0,0.012387534,B
1352,ASV7851,0,0.000410745,0,0.013691485,B
1353,ASV7852,0,0.000423784,0,0.014126136,B
1354,ASV7853,0,0.000423784,0,0.014126136,B
1355,ASV7854,0,0.000397705,0,0.013256835,B
1356,ASV7855,0,0.000469422,0,0.015647412,B
1357,ASV7856,0,0.000443343,0,0.014778111,B
1358,ASV7857,0,0.000423784,0,0.014126136,B
1359,ASV7858,0,0.000410745,0,0.013691485,B
1360,ASV7859,0,0.000423784,0,0.014126136,B
1361,ASV7860,0,0.000430304,0,0.014343461,B
1362,ASV7861,0,0.000345547,0,0.011518234,B
1363,ASV7862,0,0.000404225,0,0.01347416,B
1364,ASV7863,0,0.000397705,0,0.013256835,B
1365,ASV7864,0,0.000312948,0,0.010431608,B
1366,ASV7865,0,0.000345547,0,0.011518234,B
1367,ASV7866,0,0.000352067,0,0.011735559,B
1368,ASV7867,0,0.000384666,0,0.012822185,B
1369,ASV7868,0,0.000397705,0,0.013256835,B
1370,ASV7869,0,0.000384666,0,0.012822185,B
1371,ASV7870,0,0.000352067,3.26E-05,0.012822185,B
1372,ASV7871,0,0.000358587,0.000782371,0.038031903,C
1373,ASV7872,0,0.000371626,0,0.012387534,B
1374,ASV7873,0,0.000345547,0,0.011518234,B
1375,ASV7874,0,0.000404225,0,0.01347416,B
1376,ASV7875,0,0.000325988,0,0.010866258,B
1377,ASV7876,0,0.000397705,0,0.013256835,B
1378,ASV7877,0,0.000319468,0,0.010648933,B
1379,ASV7878,0,0.000325988,0,0.010866258,B
1380,ASV7879,0,0.000280349,0,0.009344982,B
1381,ASV7880,0,0.000352067,0,0.011735559,B
1382,ASV7881,0,0.000371626,0,0.012387534,B
1383,ASV7882,0,0.000325988,0,0.010866258,B
1384,ASV7883,0,0.000286869,5.87E-05,0.011518234,B
1385,ASV7884,0,0.000312948,0.000104316,0.01390881,B
1386,ASV7885,0,0.000306428,0,0.010214283,B
1387,ASV7886,0,0.000306428,0,0.010214283,B
1388,ASV7887,0,0.000247751,0,0.008258356,B
1389,ASV7888,0,0.000306428,0,0.010214283,B
1390,ASV7889,0,0.000319468,0,0.010648933,B
1391,ASV7890,0,0.000280349,0.000671535,0.031729474,C
1392,ASV7891,0,0.00027383,0,0.009127657,B
1393,ASV7892,0,0.00027383,0.000247751,0.017386013,B
1394,ASV7893,0,0.00027383,0,0.009127657,B
1395,ASV7894,0,0.000456383,0,0.015212761,B
1396,ASV7895,0,0.00026731,0,0.008910332,B
1397,ASV7896,0,0.000234711,0,0.007823706,B
1398,ASV7897,0,0.000332507,0,0.011083583,B
1399,ASV7898,0,0.000306428,6.52E-06,0.010431608,B
1400,ASV7899,0,0.000345547,0.000149954,0.016516712,B
1401,ASV79,0.001447386,0,0,0.048246186,A
1402,ASV7900,0,0.00027383,0,0.009127657,B
1403,ASV7901,0,0.000247751,0,0.008258356,B
1404,ASV7902,0,0.000312948,0,0.010431608,B
1405,ASV7903,0,0.000704134,0.001036641,0.058025818,C
1406,ASV7904,0,0.000286869,0,0.009562307,B
1407,ASV7905,0,0.000319468,0,0.010648933,B
1408,ASV7906,0,0.000247751,0,0.008258356,B
1409,ASV7907,0,0.000293389,0,0.009779632,B
1410,ASV7908,0,0.000247751,0,0.008258356,B
1411,ASV7909,0,0.000286869,0,0.009562307,B
1412,ASV7910,0,0.000247751,0,0.008258356,B
1413,ASV7911,0,0.000293389,0,0.009779632,B
1414,ASV7912,0,0.00026731,0,0.008910332,B
1415,ASV7913,0,0.00027383,0,0.009127657,B
1416,ASV7914,0,0.000247751,0,0.008258356,B
1417,ASV7915,0,0.00027383,0,0.009127657,B
1418,ASV7916,0,0.00027383,0,0.009127657,B
1419,ASV7917,0,0.00026731,0,0.008910332,B
1420,ASV7918,0,0.000312948,0,0.010431608,B
1421,ASV7919,0,0.000241231,0,0.008041031,B
1422,ASV7920,0,0.000234711,0,0.007823706,B
1423,ASV7921,0,0.00025427,0,0.008475681,B
1424,ASV7922,0,0.00026079,0,0.008693006,B
1425,ASV7923,0,0.000293389,0,0.009779632,B
1426,ASV7924,0,0.000202112,0,0.00673708,B
1427,ASV7925,0,0.000228191,0,0.007606381,B
1428,ASV7926,0,0.000208632,0,0.006954405,B
1429,ASV7927,0,0.000228191,0,0.007606381,B
1430,ASV7928,0,0.000280349,0,0.009344982,B
1431,ASV7929,0,0.000221672,0,0.007389056,B
1432,ASV7930,0,0.000234711,0,0.007823706,B
1433,ASV7931,0,0.000280349,0,0.009344982,B
1434,ASV7932,0,0.00026731,0,0.008910332,B
1435,ASV7933,0,0.000221672,0,0.007389056,B
1436,ASV7934,0,0.000228191,0,0.007606381,B
1437,ASV7935,0,0.000221672,0,0.007389056,B
1438,ASV7936,0,0.00026079,0,0.008693006,B
1439,ASV7937,0,0.000228191,0,0.007606381,B
1440,ASV7938,0,0.000228191,0,0.007606381,B
1441,ASV7939,0,0.000208632,0,0.006954405,B
1442,ASV7941,0,0.000241231,0,0.008041031,B
1443,ASV7942,0,0.000221672,0,0.007389056,B
1444,ASV7943,0,0.000234711,0,0.007823706,B
1445,ASV7944,0,0.000228191,0,0.007606381,B
1446,ASV7945,0,0.000234711,0,0.007823706,B
1447,ASV7946,0,0.00025427,0,0.008475681,B
1448,ASV7948,0,0.000215152,0,0.00717173,B
1449,ASV7949,0,0.000247751,0,0.008258356,B
1450,ASV7950,0,0.00026079,0,0.008693006,B
1451,ASV7951,0,0.000286869,7.82E-05,0.012170209,B
1452,ASV7953,0,0.000228191,0,0.007606381,B
1453,ASV7954,0,0.00025427,0,0.008475681,B
1454,ASV7956,0,0.000247751,0,0.008258356,B
1455,ASV7957,0,0.000241231,0,0.008041031,B
1456,ASV7958,0,0.00026731,0,0.008910332,B
1457,ASV7959,0,0.000208632,0,0.006954405,B
1458,ASV7960,0,0.000234711,0,0.007823706,B
1459,ASV7962,0,0.00025427,0,0.008475681,B
1460,ASV7963,0,0.000208632,0,0.006954405,B
1461,ASV7965,0,0.000234711,0,0.007823706,B
1462,ASV7966,0,0.000215152,0,0.00717173,B
1463,ASV7967,0,0.000221672,0,0.007389056,B
1464,ASV7968,0,0.000215152,0,0.00717173,B
1465,ASV7969,0,0.000202112,0,0.00673708,B
1466,ASV7970,0,0.00025427,0,0.008475681,B
1467,ASV7971,0,0.000228191,0,0.007606381,B
1468,ASV7972,0,0.00025427,0,0.008475681,B
1469,ASV7973,0,0.000202112,0,0.00673708,B
1470,ASV7974,0,0.000228191,0,0.007606381,B
1471,ASV7975,0,0.000202112,0,0.00673708,B
1472,ASV7976,0,0.000208632,0,0.006954405,B
1473,ASV7978,0,0.00026079,0,0.008693006,B
1474,ASV7979,0,0.000241231,0,0.008041031,B
1475,ASV7980,0,0.000234711,0,0.007823706,B
1476,ASV7981,0,0.000247751,0,0.008258356,B
1477,ASV7982,0,0.000215152,0,0.00717173,B
1478,ASV7983,0,0.000215152,0,0.00717173,B
1479,ASV7984,0,0.000202112,0,0.00673708,B
1480,ASV7985,0,0.000221672,0,0.007389056,B
1481,ASV7986,0,0.000215152,0,0.00717173,B
1482,ASV7987,0,0.000215152,0,0.00717173,B
1483,ASV7988,0,0.000228191,0,0.007606381,B
1484,ASV7989,0,0.00026079,0,0.008693006,B
1485,ASV7992,0,0.000228191,0,0.007606381,B
1486,ASV7993,0,0.000247751,0,0.008258356,B
1487,ASV7995,0,0.000215152,0,0.00717173,B
1488,ASV7996,0,0.000508541,7.17E-05,0.019341939,B
1489,ASV7998,0,0.000241231,0,0.008041031,B
1490,ASV8,0.040044334,0.000632416,0.000495501,1.372408397,A
1491,ASV8001,0,0.000215152,0,0.00717173,B
1492,ASV8002,0,0.000221672,0,0.007389056,B
1493,ASV8005,0,0.000221672,0,0.007389056,B
1494,ASV8006,0,0.000208632,0,0.006954405,B
1495,ASV8010,0,0.000215152,0,0.00717173,B
1496,ASV8011,0,0.000247751,0,0.008258356,B
1497,ASV8012,0,0.000208632,0,0.006954405,B
1498,ASV8013,0,0.000247751,0,0.008258356,B
1499,ASV8014,0,0.000221672,0,0.007389056,B
1500,ASV8015,0,0.000208632,0,0.006954405,B
1501,ASV8017,0,0.000299909,0,0.009996957,B
1502,ASV8018,0,0.000215152,0,0.00717173,B
1503,ASV8019,0,0.000221672,0,0.007389056,B
1504,ASV8021,0,0.000221672,0,0.007389056,B
1505,ASV8022,0,0.000215152,0,0.00717173,B
1506,ASV8026,0,0.000221672,0,0.007389056,B
1507,ASV8028,0,0.000247751,0,0.008258356,B
1508,ASV8029,0,0.000208632,0,0.006954405,B
1509,ASV8030,0,0.000202112,8.48E-05,0.009562307,B
1510,ASV8031,0,0.000228191,0,0.007606381,B
1511,ASV8032,0,0.000202112,0,0.00673708,B
1512,ASV8033,0,0.000202112,0,0.00673708,B
1513,ASV8034,0,0.000234711,0,0.007823706,B
1514,ASV8038,0,0.000215152,0,0.00717173,B
1515,ASV8042,0,0.000221672,0,0.007389056,B
1516,ASV8045,0,0.00026731,0,0.008910332,B
1517,ASV8046,0,0.000208632,0,0.006954405,B
1518,ASV8047,0,0.000202112,0,0.00673708,B
1519,ASV8049,0,0.000215152,0,0.00717173,B
1520,ASV8051,0,0.000208632,0,0.006954405,B
1521,ASV8052,0,0.000215152,0,0.00717173,B
1522,ASV8053,0,0.000208632,0,0.006954405,B
1523,ASV8054,0,0.000228191,0,0.007606381,B
1524,ASV8055,0,0.000215152,0.000632416,0.028252271,C
1525,ASV8056,0,0.000202112,0.00054114,0.024775068,C
1526,ASV8060,0,0.000241231,0,0.008041031,B
1527,ASV8062,0,0.000202112,0,0.00673708,B
1528,ASV8063,0,0.000208632,0,0.006954405,B
1529,ASV8066,0,0.000202112,0,0.00673708,B
1530,ASV8068,0,0.000234711,0,0.007823706,B
1531,ASV8070,0,0.000215152,0,0.00717173,B
1532,ASV8071,0,0.000202112,0,0.00673708,B
1533,ASV8074,0,0.000215152,0,0.00717173,B
1534,ASV8077,0,0.000221672,0,0.007389056,B
1535,ASV8083,0,0.000234711,0,0.007823706,B
1536,ASV8088,0,0.000202112,0,0.00673708,B
1537,ASV809,6.52E-06,0.001538662,0,0.051506063,B
1538,ASV8090,0,0.000208632,0,0.006954405,B
1539,ASV8092,0,0.000234711,0,0.007823706,B
1540,ASV8096,0,0.000208632,0,0.006954405,B
1541,ASV81,0.000149954,0.000417264,0,0.018907289,B
1542,ASV8100,0,0.000202112,0,0.00673708,B
1543,ASV8106,0,0.000241231,0,0.008041031,B
1544,ASV8111,0,0.000202112,0,0.00673708,B
1545,ASV8115,0,0.000202112,0,0.00673708,B
1546,ASV8119,0,0.000215152,0,0.00717173,B
1547,ASV812,6.52E-06,0,0.00026079,0.008910332,C
1548,ASV8123,0,0.000202112,0,0.00673708,B
1549,ASV8124,0,0.000208632,0,0.006954405,B
1550,ASV8129,0,0.000202112,0,0.00673708,B
1551,ASV8149,0,0.000202112,0,0.00673708,B
1552,ASV8180,0,0.000182553,0.000482462,0.022167167,C
1553,ASV819,1.30E-05,0.004009649,1.30E-05,0.134524275,B
1554,ASV82,0.00027383,0.000417264,0.000834529,0.050854088,C
1555,ASV8201,0,0.000143435,0.000208632,0.011735559,C
1556,ASV821,1.96E-05,0.005118008,0.002171078,0.243621506,B
1557,ASV8259,0,7.82E-05,0.000423784,0.016734037,C
1558,ASV8265,0,0.000136915,0.00025427,0.01303951,C
1559,ASV827,6.52E-06,0.000208632,0,0.00717173,B
1560,ASV8333,0,7.82E-05,0.000319468,0.013256835,C
1561,ASV87,0.000156474,0.000325988,0.000189073,0.022384492,none
1562,ASV875,0,0.000241231,0,0.008041031,B
1563,ASV89,0.001258313,0.004068327,0.011755118,0.569391924,C
1564,ASV9,0.007106533,8.48E-05,0.000339027,0.251010562,A
1565,ASV90,0.00027383,0.000873647,0.002477507,0.12083279,C
1566,ASV91,0.000104316,0,0.000332507,0.014560786,C
1567,ASV910,0,0,0.000221672,0.007389056,C
1568,ASV92,0.000195593,0.000202112,0.000488982,0.029556222,C
1569,ASV942,6.52E-06,0,0.001884209,0.063024297,C
1570,ASV9696,0,0.001747294,0.002607902,0.145173208,C
1571,ASV9697,0,0.001610379,0,0.053679315,B
1572,ASV9698,0,0.001408267,0,0.046942235,B
1573,ASV9699,0,0.001473465,0,0.049115487,B
1574,ASV97,0.000117356,0.003012127,0.00026079,0.113009084,B
1575,ASV9700,0,0.001284392,0.000136915,0.047376885,B
1576,ASV9701,0,0.001245273,0,0.041509106,B
1577,ASV9702,0,0.001167036,0,0.038901204,B
1578,ASV9703,0,0.000997522,0,0.03325075,B
1579,ASV9704,0,0.001088799,0.001297431,0.079541009,C
1580,ASV9705,0,0.001095319,0.000286869,0.046072934,B
1581,ASV9706,0,0.000821489,0.000169514,0.033033425,B
1582,ASV9707,0,0.000697614,0,0.023253792,B
1583,ASV9708,0,0.000691094,0,0.023036467,B
1584,ASV9709,0,0.00080845,0.00106924,0.062589647,C
1585,ASV9710,0,0.000691094,0,0.023036467,B
1586,ASV9711,0,0.000684574,0,0.022819142,B
1587,ASV9712,0,0.000665015,0,0.022167167,B
1588,ASV9713,0,0.000645456,0.000384666,0.034337376,B
1589,ASV9714,0,0.000632416,0.000110836,0.024775068,B
1590,ASV9715,0,0.000658495,0.00106924,0.057591168,C
1591,ASV9716,0,0.000625896,0,0.020863216,B
1592,ASV9717,0,0.000554179,0,0.018472639,B
1593,ASV9718,0,0.000580258,0,0.019341939,B
1594,ASV9719,0,0.000515061,0,0.017168688,B
1595,ASV9720,0,0.000593298,0,0.01977659,B
1596,ASV9721,0,0.00054114,0,0.018037988,B
1597,ASV9722,0,0.000469422,0.000384666,0.028469596,B
1598,ASV9723,0,0.000625896,0,0.020863216,B
1599,ASV9724,0,0.000619377,7.17E-05,0.023036467,B
1600,ASV9725,0,0.00053462,0,0.017820663,B
1601,ASV9726,0,0.000475942,0,0.015864737,B
1602,ASV9727,0,0.00052158,0,0.017386013,B
1603,ASV9728,0,0.000580258,0,0.019341939,B
1604,ASV9729,0,0.00052158,0,0.017386013,B
1605,ASV973,0,0.001375668,3.26E-05,0.046942235,B
1606,ASV9730,0,0.0005281,0,0.017603338,B
1607,ASV9731,0,0.000547659,0,0.018255314,B
1608,ASV9732,0,0.000456383,0,0.015212761,B
1609,ASV9733,0,0.000436824,0,0.014560786,B
1610,ASV9734,0,0.000469422,0,0.015647412,B
1611,ASV9735,0,0.000456383,0,0.015212761,B
1612,ASV9736,0,0.000469422,0,0.015647412,B
1613,ASV9737,0,0.000475942,0,0.015864737,B
1614,ASV9738,0,0.0005281,0,0.017603338,B
1615,ASV9739,0,0.000449863,0,0.014995436,B
1616,ASV9740,0,0.000508541,0,0.016951363,B
1617,ASV9741,0,0.000488982,0,0.016299387,B
1618,ASV9742,0,0.000475942,0,0.015864737,B
1619,ASV9743,0,0.000482462,0,0.016082062,B
1620,ASV9744,0,0.000410745,0,0.013691485,B
1621,ASV9745,0,0.000495501,0,0.016516712,B
1622,ASV9746,0,0.000404225,0.003442431,0.128221846,C
1623,ASV9747,0,0.000462903,0.00053462,0.03325075,C
1624,ASV9748,0,0.000469422,0,0.015647412,B
1625,ASV9749,0,0.000482462,0,0.016082062,B
1626,ASV9750,0,0.000449863,0,0.014995436,B
1627,ASV9751,0,0.000417264,0,0.01390881,B
1628,ASV9752,0,0.000462903,0,0.015430086,B
1629,ASV9753,0,0.000515061,9.78E-05,0.020428565,B
1630,ASV9754,0,0.000417264,0.000560699,0.032598774,C
1631,ASV9755,0,0.000417264,0,0.01390881,B
1632,ASV9756,0,0.000410745,0,0.013691485,B
1633,ASV9757,0,0.000371626,0,0.012387534,B
1634,ASV9758,0,0.000325988,0,0.010866258,B
1635,ASV9759,0,0.000410745,0,0.013691485,B
1636,ASV9760,0,0.000417264,0,0.01390881,B
1637,ASV9761,0,0.000378146,0.000560699,0.031294823,C
1638,ASV9762,0,0.000365106,0.001890729,0.075194506,C
1639,ASV9763,0,0.000404225,0,0.01347416,B
1640,ASV9764,0,0.000365106,0.001616899,0.066066849,C
1641,ASV9765,0,0.000410745,0,0.013691485,B
1642,ASV9766,0,0.000436824,0,0.014560786,B
1643,ASV9767,0,0.000371626,0,0.012387534,B
1644,ASV9768,0,0.000299909,0,0.009996957,B
1645,ASV9769,0,0.000410745,0,0.013691485,B
1646,ASV9770,0,0.000299909,0,0.009996957,B
1647,ASV9771,0,0.000352067,9.13E-05,0.014778111,B
1648,ASV9772,0,0.000384666,0,0.012822185,B
1649,ASV9773,0,0.000371626,0,0.012387534,B
1650,ASV9774,0,0.000345547,0,0.011518234,B
1651,ASV9775,0,0.000358587,0,0.011952884,B
1652,ASV9776,0,0.000306428,0,0.010214283,B
1653,ASV9777,0,0.000312948,0.000117356,0.014343461,B
1654,ASV9778,0,0.000371626,0,0.012387534,B
1655,ASV9779,0,0.000339027,0,0.011300908,B
1656,ASV9780,0,0.000365106,0,0.012170209,B
1657,ASV9781,0,0.000378146,0,0.012604859,B
1658,ASV9782,0,0.000306428,0.000156474,0.015430086,B
1659,ASV9783,0,0.000325988,0,0.010866258,B
1660,ASV9784,0,0.000299909,0,0.009996957,B
1661,ASV9785,0,0.000312948,0,0.010431608,B
1662,ASV9786,0,0.000312948,0,0.010431608,B
1663,ASV9787,0,0.000306428,0,0.010214283,B
1664,ASV9788,0,0.000228191,0.000136915,0.012170209,B
1665,ASV9789,0,0.00026731,9.13E-05,0.011952884,B
1666,ASV9790,0,0.000286869,1.30E-05,0.009996957,B
1667,ASV9791,0,0.00025427,0,0.008475681,B
1668,ASV9792,0,0.000378146,0,0.012604859,B
1669,ASV9793,0,0.000339027,0,0.011300908,B
1670,ASV9794,0,0.00027383,0,0.009127657,B
1671,ASV9795,0,0.00026079,0,0.008693006,B
1672,ASV9796,0,0.000306428,0,0.010214283,B
1673,ASV9797,0,0.000293389,0,0.009779632,B
1674,ASV9798,0,0.000247751,0,0.008258356,B
1675,ASV9799,0,0.000312948,0,0.010431608,B
1676,ASV9800,0,0.000306428,0,0.010214283,B
1677,ASV9801,0,0.000293389,0,0.009779632,B
1678,ASV9802,0,0.001193115,0.000156474,0.044986309,B
1679,ASV9803,0,0.000280349,0,0.009344982,B
1680,ASV9804,0,0.00026079,0,0.008693006,B
1681,ASV9805,0,0.00026079,0,0.008693006,B
1682,ASV9806,0,0.000241231,0,0.008041031,B
1683,ASV9807,0,0.000299909,0,0.009996957,B
1684,ASV9808,0,0.00027383,0,0.009127657,B
1685,ASV9809,0,0.000241231,0.000162994,0.01347416,B
1686,ASV9810,0,0.00026731,2.61E-05,0.009779632,B
1687,ASV9811,0,0.000286869,0,0.009562307,B
1688,ASV9812,0,0.00027383,0,0.009127657,B
1689,ASV9813,0,0.000247751,0,0.008258356,B
1690,ASV9814,0,0.00026079,0.000247751,0.016951363,B
1691,ASV9815,0,0.000306428,0,0.010214283,B
1692,ASV9816,0,0.000241231,0,0.008041031,B
1693,ASV9817,0,0.000228191,0,0.007606381,B
1694,ASV9818,0,0.000358587,0,0.011952884,B
1695,ASV9819,0,0.000306428,0,0.010214283,B
1696,ASV9820,0,0.000339027,0.000136915,0.015864737,B
1697,ASV9821,0,0.000247751,0,0.008258356,B
1698,ASV9822,0,0.00025427,0,0.008475681,B
1699,ASV9823,0,0.000221672,0.000234711,0.015212761,C
1700,ASV9824,0,0.000312948,0,0.010431608,B
1701,ASV9825,0,0.000247751,0,0.008258356,B
1702,ASV9826,0,0.00027383,0,0.009127657,B
1703,ASV9827,0,0.00027383,0,0.009127657,B
1704,ASV9828,0,0.000247751,0,0.008258356,B
1705,ASV9829,0,0.000293389,7.17E-05,0.012170209,B
1706,ASV9830,0,0.000280349,8.48E-05,0.012170209,B
1707,ASV9831,0,0.000234711,0,0.007823706,B
1708,ASV9832,0,0.00026079,0,0.008693006,B
1709,ASV9833,0,0.000280349,0,0.009344982,B
1710,ASV9834,0,0.000215152,0,0.00717173,B
1711,ASV9835,0,0.00026731,0,0.008910332,B
1712,ASV9836,0,0.000221672,0,0.007389056,B
1713,ASV9837,0,0.000293389,0,0.009779632,B
1714,ASV9838,0,0.00026079,7.82E-05,0.011300908,B
1715,ASV9839,0,0.000202112,0,0.00673708,B
1716,ASV9840,0,0.00026079,0,0.008693006,B
1717,ASV9841,0,0.00026079,0,0.008693006,B
1718,ASV9842,0,0.000208632,0.000515061,0.024123093,C
1719,ASV9843,0,0.000202112,0,0.00673708,B
1720,ASV9844,0,0.000228191,0,0.007606381,B
1721,ASV9845,0,0.00025427,1.96E-05,0.009127657,B
1722,ASV9846,0,0.000312948,0,0.010431608,B
1723,ASV9847,0,0.00026731,0,0.008910332,B
1724,ASV9848,0,0.000215152,8.48E-05,0.009996957,B
1725,ASV9849,0,0.000293389,0,0.009779632,B
1726,ASV9850,0,0.000208632,0,0.006954405,B
1727,ASV9851,0,0.000208632,0,0.006954405,B
1728,ASV9852,0,0.000221672,0,0.007389056,B
1729,ASV9853,0,0.000221672,0,0.007389056,B
1730,ASV9854,0,0.000221672,0,0.007389056,B
1731,ASV9856,0,0.000234711,5.22E-05,0.009562307,B
1732,ASV9857,0,0.000247751,0,0.008258356,B
1733,ASV9858,0,0.000241231,0,0.008041031,B
1734,ASV9862,0,0.000247751,0,0.008258356,B
1735,ASV9863,0,0.000241231,0,0.008041031,B
1736,ASV9864,0,0.000293389,0,0.009779632,B
1737,ASV9865,0,0.000202112,0,0.00673708,B
1738,ASV9868,0,0.000247751,0,0.008258356,B
1739,ASV9870,0,0.000228191,0.001010562,0.041291781,C
1740,ASV9871,0,0.000202112,0,0.00673708,B
1741,ASV9872,0,0.000228191,0,0.007606381,B
1742,ASV9873,0,0.000286869,0,0.009562307,B
1743,ASV9874,0,0.000228191,0,0.007606381,B
1744,ASV9875,0,0.000202112,0,0.00673708,B
1745,ASV9877,0,0.000202112,0,0.00673708,B
1746,ASV9878,0,0.000228191,0,0.007606381,B
1747,ASV9879,0,0.000234711,0,0.007823706,B
1748,ASV9880,0,0.00026079,0,0.008693006,B
1749,ASV9881,0,0.000221672,0,0.007389056,B
1750,ASV9883,0,0.000208632,0,0.006954405,B
1751,ASV9884,0,0.000234711,0,0.007823706,B
1752,ASV9886,0,0.000228191,0,0.007606381,B
1753,ASV9888,0,0.000234711,0,0.007823706,B
1754,ASV9892,0,0.000215152,0,0.00717173,B
1755,ASV9893,0,0.000202112,0,0.00673708,B
1756,ASV9894,0,0.000228191,0.000547659,0.025861694,C
1757,ASV9895,0,0.000234711,0,0.007823706,B
1758,ASV9900,0,0.000241231,0,0.008041031,B
1759,ASV9902,0,0.000202112,0.000169514,0.012387534,B
1760,ASV9903,0,0.000208632,0,0.006954405,B
1761,ASV9904,0,0.000228191,0,0.007606381,B
1762,ASV9905,0,0.000182553,0.002764376,0.098230973,C
1763,ASV9912,0,0.000228191,0,0.007606381,B
1764,ASV9914,0,0.000202112,0,0.00673708,B
1765,ASV9916,0,0.000208632,0,0.006954405,B
1766,ASV9923,0,0.000202112,0,0.00673708,B
1767,ASV9930,0,0.000208632,0,0.006954405,B
1768,ASV995,0.001812492,0,0.000560699,0.079106359,A
1769,ASV996,0.001036641,0,0,0.034554701,A
1770,ASV9961,0,0.000149954,0.000228191,0.012604859,C
1771,ASV997,0.000436824,0,0,0.014560786,A
1772,ASV9973,0,0.000156474,0.000854088,0.0336854,C
1773,ASV998,0.000365106,0.000436824,0.000599817,0.04672491,none
1774,ASV999,0.000828009,0,0,0.027600296,A
