,OTUs,a,b,c,size,Class
1,ASV1,0.023715836,0.050465236,0.023993857,3.272497627,b
2,ASV10,0.009014372,0.010367481,0.003828389,0.773674731,none
3,ASV100,0.000569494,0,0,0.018983132,a
4,ASV10034,0,0.0002343,0,0.007809989,b
5,ASV1004,0.000494384,0.00148203,0,0.065880436,b
6,ASV1007,0,0,0.002670344,0.089011457,c
7,ASV10094,0,0.000642362,0.000233179,0.029184697,b
8,ASV1017,0.000560526,0,0.003376606,0.131237715,c
9,ASV102,0,1.12E-06,0.000242147,0.008108936,c
10,ASV10212,0.00042712,0,0,0.014237349,a
11,ASV10228,0.000494384,0.000695052,0,0.03964784,b
12,ASV10249,0.000285868,0,0,0.009528934,a
13,ASV10261,0,0.000291473,0,0.009715776,b
14,ASV10268,0,0,0.000456268,0.015208927,c
15,ASV10288,0,0.000568373,0,0.018945764,b
16,ASV1029,0,0,0.002522365,0.084078832,c
17,ASV10295,0,0.000299321,0.000265689,0.018833658,b
18,ASV10337,0.000145737,0.000695052,0,0.028026277,b
19,ASV1036,0,0.001165893,0.0003195,0.04951309,b
20,ASV10362,0.000262326,0.000278021,0,0.018011554,b
21,ASV1037,5.27E-05,0.001445035,0.001404677,0.09674671,none
22,ASV10378,0.000232058,0,0,0.007735253,a
23,ASV10389,0,0.000225331,0,0.007511042,b
24,ASV10395,0.000738773,0,0,0.024625756,a
25,ASV104,2.24E-06,0,0.002068339,0.069019379,c
26,ASV1041,0,7.29E-05,0.000295957,0.012294194,c
27,ASV10425,0.000223089,0,0,0.007436306,a
28,ASV10428,0,0.0002343,0,0.007809989,b
29,ASV10430,0.000280263,0,0.000209637,0.016329978,a
30,ASV1046,0,0.00081052,2.35E-05,0.027802067,b
31,ASV10468,0.003254411,3.36E-06,1.46E-05,0.109078272,a
32,ASV10492,0,0.000384521,0,0.012817351,b
33,ASV1051,0,0.000174884,0.000322863,0.016591556,c
34,ASV10534,0,0.000978678,0,0.032622587,b
35,ASV10575,0,0.000335194,0,0.011173143,b
36,ASV10596,1.12E-06,0.000321742,0,0.010762091,b
37,ASV10605,0,0.000770162,0,0.02567207,b
38,ASV1062,0.001284725,0.000748862,0.003578395,0.18706606,c
39,ASV1063,0,0.000857604,0.002408018,0.108854062,c
40,ASV1065,0.000822852,0.00135423,0.000873299,0.101679335,none
41,ASV1066,0,0.000325105,0.000196184,0.017376292,b
42,ASV107,0.000169279,0,0.000381157,0.01834787,c
43,ASV1071,0.004410215,0,0.000480931,0.163038198,a
44,ASV10713,1.12E-06,0.000572857,0,0.019132605,b
45,ASV1072,0,0,0.001850855,0.061695179,c
46,ASV1076,0,0.000888994,0.000839667,0.057622026,b
47,ASV108,0.000208516,0.002956212,0.000219726,0.112815109,b
48,ASV10836,0.00061882,0.000124437,0.00026681,0.033668901,a
49,ASV10850,0.001043699,0,0,0.034789952,a
50,ASV1086,0,0.000887872,0,0.029595749,b
51,ASV10865,0.000177126,0.000225331,0.000303805,0.023542073,none
52,ASV10917,6.05E-05,0.000417031,0,0.015918926,b
53,ASV10926,0.000172642,0.000461873,0,0.021150497,b
54,ASV1098,0.000211879,0.000493262,0.000359857,0.035499951,none
55,ASV1099,2.80E-05,1.12E-06,0.000264568,0.009790513,c
56,ASV11,0.001584045,0.004008879,0.00168494,0.242595458,b
57,ASV110,0,0.000211879,0.000211879,0.014125244,c
58,ASV11008,0,0,0.000257842,0.008594725,c
59,ASV11021,1.12E-06,0.000404699,5.49E-05,0.0153584,b
60,ASV11098,0,0,0.000375552,0.012518404,c
61,ASV1116,0.000242147,0.000389005,3.92E-05,0.022346285,b
62,ASV11189,0.000573978,0,1.23E-05,0.019543657,a
63,ASV1120,0.000252236,0.000468599,0,0.024027862,b
64,ASV1121,0.003197238,0.001682698,0.003044775,0.264157007,none
65,ASV1122,0.001330688,0.0003621,0.000403578,0.069878852,a
66,ASV1126,0.00062891,0.000226452,0.000391247,0.041553627,a
67,ASV1135,0.000219726,3.36E-05,0.002949485,0.106761433,c
68,ASV1138,0.000449541,0,0,0.014984716,a
69,ASV114,0.000249994,0,5.61E-05,0.010201565,a
70,ASV11400,0.001483151,0,0,0.049438353,a
71,ASV1142,5.61E-06,9.75E-05,0.000920383,0.034117322,c
72,ASV11420,1.12E-05,0,0.001067241,0.035948372,c
73,ASV1143,0.003136701,0.001524629,0.001075088,0.191213949,a
74,ASV11432,0.000253358,7.06E-05,0,0.010799459,a
75,ASV1146,0,0,0.000254479,0.00848262,c
76,ASV1147,0,0,0.000439452,0.014648401,c
77,ASV11475,0.0002982,0,0,0.009939986,a
78,ASV11476,0,0,0.000265689,0.008856304,c
79,ASV1150,0,2.24E-06,0.00052241,0.017488397,c
80,ASV11517,0,0,0.00020291,0.006763675,c
81,ASV11518,0,0.000401336,0,0.013377876,b
82,ASV1152,0.000238784,0,0.000232058,0.015694715,a
83,ASV1154,0,0,0.000230937,0.007697884,c
84,ASV1155,0,0,0.000420394,0.014013139,c
85,ASV11552,0,0,0.000360978,0.012032615,c
86,ASV11562,0,0.001146835,0,0.038227842,b
87,ASV1157,3.36E-06,0.000188337,0.001175983,0.045589411,c
88,ASV11581,0.000641241,0,0,0.021374708,a
89,ASV116,0.00081052,0.001212977,0.000412547,0.081201468,none
90,ASV1162,0,0,0.000524652,0.017488397,c
91,ASV11663,0.000452905,0,0,0.015096821,a
92,ASV11672,0,0.000505594,0,0.016853135,b
93,ASV1169,2.13E-05,0.000248873,0.000261205,0.017712607,none
94,ASV1170,2.24E-06,1.12E-06,0.000215242,0.007286832,c
95,ASV11717,0,0.000378915,0,0.012630509,b
96,ASV11719,1.12E-06,0.000211879,0,0.00709999,b
97,ASV11780,0,0,0.00103473,0.034491005,c
98,ASV11788,0,0.000429363,0,0.014312086,b
99,ASV11816,0.000943925,6.73E-06,2.24E-06,0.031763114,a
100,ASV11817,2.24E-06,0,0.001235398,0.04125468,c
101,ASV1183,2.24E-06,0,0.000216363,0.007286832,c
102,ASV11832,0.00151454,0,0,0.050484668,a
103,ASV1184,0,0,0.0003621,0.012069983,c
104,ASV1186,3.36E-06,2.24E-06,0.000221968,0.007585779,c
105,ASV11862,0.000747741,6.73E-06,0,0.025148913,a
106,ASV1188,0.000123316,4.48E-06,0.000732046,0.02866154,c
107,ASV11889,0,0.000499989,0,0.016666293,b
108,ASV1192,0,0.000446178,0.000347526,0.026456806,b
109,ASV1198,0,1.12E-06,0.000315015,0.01053788,c
110,ASV12,0.021164324,0.019062353,0.029954485,2.339372062,none
111,ASV12014,0,0.000441694,0,0.014723138,b
112,ASV1202,6.73E-06,3.36E-06,0.000280263,0.009678408,c
113,ASV12047,0,0.000107621,0.000291473,0.01330314,c
114,ASV12051,0.000211879,0,0,0.007062622,a
115,ASV1207,0,0,0.000260084,0.008669462,c
116,ASV1208,0.000335194,0,0,0.011173143,a
117,ASV121,0.000303805,0.001775745,0.000358736,0.081276205,b
118,ASV1211,2.24E-06,0,0.000337436,0.011322616,c
119,ASV1212,0,1.12E-06,0.000317257,0.010612617,c
120,ASV1216,0,0,0.000230937,0.007697884,c
121,ASV12192,0,0.0003195,0,0.010649985,b
122,ASV122,0,0.000834062,0.000171521,0.033519428,b
123,ASV1227,0,0,0.000220847,0.007361569,c
124,ASV1228,0.001846371,0.000862088,0.000178247,0.096223553,a
125,ASV1231,2.24E-06,0,0.000326226,0.010948932,c
126,ASV1233,2.24E-06,0,0.001071725,0.035798898,c
127,ASV12333,0,0,0.000294836,0.009827881,c
128,ASV1235,0.000540347,0.000599762,0.000102016,0.041404154,none
129,ASV12355,2.24E-06,0,0.002264523,0.075558844,c
130,ASV12368,0,0.00049102,0,0.016367346,b
131,ASV1247,0.000257842,5.16E-05,0.000784736,0.036471529,c
132,ASV125,0.000270173,0.00020291,0,0.015769452,a
133,ASV12554,0,0,0.00052241,0.01741366,c
134,ASV1258,0.000103137,0.000993251,0,0.036546266,b
135,ASV126,0.000877783,0,0,0.029259434,a
136,ASV1266,0.000504473,0,0.000118831,0.020776814,a
137,ASV1267,1.12E-06,0.00016031,0.000353131,0.017152082,c
138,ASV12671,0.000215242,0,0.000209637,0.014162612,a
139,ASV12678,0,0.000323984,0,0.010799459,b
140,ASV12680,0,0,0.000207394,0.006913148,c
141,ASV1274,0.000360978,3.36E-06,0,0.01214472,a
142,ASV128,0.00062891,0.001646824,0.000615457,0.096373026,b
143,ASV1282,0.000414789,0,2.47E-05,0.014648401,a
144,ASV1283,2.24E-06,0,0.000217484,0.007324201,c
145,ASV1284,0,1.12E-06,0.000226452,0.007585779,c
146,ASV1286,1.12E-06,9.75E-05,0.000242147,0.011359984,c
147,ASV12899,0.0002556,0,0,0.008519988,a
148,ASV129,0.000297079,0.001644582,0.00056501,0.083555675,b
149,ASV1291,0,0.000242147,0.000188337,0.014349454,b
150,ASV12944,0.000323984,0,0,0.010799459,a
151,ASV1296,0.000189458,0.000375552,0,0.018833658,b
152,ASV12982,0.000465236,0,0,0.015507874,a
153,ASV13,0.003364274,0.007717316,0.002235376,0.443898866,b
154,ASV130,0.000126679,0.002168113,0.000103137,0.079930943,b
155,ASV1302,0,4.48E-06,0.00020291,0.006913148,c
156,ASV13056,0.000261205,0,0,0.00870683,a
157,ASV13061,0,0,0.000248873,0.008295778,c
158,ASV1308,0.000349768,2.24E-06,9.64E-05,0.014947348,a
159,ASV13087,0,0.000474205,0,0.01580682,b
160,ASV131,0.003323917,0.004659088,0.008281204,0.542140311,c
161,ASV13103,0,0.001028004,0,0.034266795,b
162,ASV132,0.000195063,0.0002769,0.000247752,0.023990493,none
163,ASV13207,0,0.00042712,0,0.014237349,b
164,ASV1323,0,1.79E-05,0.000418152,0.014536296,c
165,ASV13318,0,0.000860967,0,0.028698908,b
166,ASV1337,3.36E-06,0,0.000206273,0.006987885,c
167,ASV13383,0,0,0.000257842,0.008594725,c
168,ASV134,0,3.36E-05,0.000225331,0.008632093,c
169,ASV13403,0.000502231,2.24E-06,0,0.016815766,a
170,ASV13409,0,0,0.00026681,0.008893672,c
171,ASV13460,2.24E-06,0.00033071,0,0.011098406,b
172,ASV13495,2.24E-06,0.000552678,0,0.018497343,b
173,ASV135,0,0.001473061,0.000732046,0.073503584,b
174,ASV1350,0,0.000452905,9.42E-05,0.018235765,b
175,ASV1356,0.00080043,1.12E-06,0,0.026718384,a
176,ASV13566,0,0.000762315,0,0.025410492,b
177,ASV13595,0,0.000455147,0,0.015171558,b
178,ASV13691,0.000350889,1.12E-06,0.000241026,0.019767868,a
179,ASV137,0.000278021,0.00103473,0.000531378,0.061470969,b
180,ASV13737,0.000109863,0.000752225,8.52E-05,0.031576273,b
181,ASV13743,0,0.000313894,0,0.010463144,b
182,ASV13755,0,0.000475326,0,0.015844189,b
183,ASV13761,1.12E-06,5.61E-06,0.000210758,0.007249464,c
184,ASV13867,0.001808255,0,0,0.060275181,a
185,ASV13870,0.001294814,0,0,0.043160467,a
186,ASV13879,0.000396852,0,0,0.013228403,a
187,ASV13914,0.000274658,0,0,0.009155251,a
188,ASV13922,0,0.000739894,0,0.024663124,b
189,ASV13926,0.000256721,0,0,0.008557357,a
190,ASV13941,1.12E-06,0.001263425,0,0.042151521,b
191,ASV13957,0,0.000442815,0,0.014760506,b
192,ASV13967,0.000467478,0,0,0.01558261,a
193,ASV14,0.000675994,0.004133315,0.001052667,0.195399206,b
194,ASV14008,0.000322863,0,0,0.010762091,a
195,ASV1401,0.002179323,0,4.48E-06,0.072793585,a
196,ASV14031,0,0.000344163,0,0.01147209,b
197,ASV14032,0,0.000474205,0,0.01580682,b
198,ASV14034,0,8.30E-05,0.000239905,0.010762091,c
199,ASV141,0,0.001152441,5.83E-05,0.04035784,b
200,ASV14107,0.000702899,0.00041591,0.000253358,0.045738885,a
201,ASV14116,0.0002769,0,0,0.009229987,a
202,ASV14153,0.000681599,0.000383399,0.000195063,0.042002048,a
203,ASV14154,0.000585189,0.000335194,0,0.030679432,a
204,ASV14155,0.000529136,0,0,0.017637871,a
205,ASV14156,0.000516805,0,0,0.017226819,a
206,ASV14157,0.000478689,0,0,0.015956294,a
207,ASV14158,0.000484294,0,0,0.016143136,a
208,ASV14159,0.000493262,0,0,0.016442083,a
209,ASV14160,0.000478689,0,0,0.015956294,a
210,ASV14161,0.000482052,0,0,0.016068399,a
211,ASV14162,0.00041591,0,0,0.013863665,a
212,ASV14163,0.000451784,0,0,0.015059453,a
213,ASV14164,0.000409184,0,0,0.013639455,a
214,ASV14165,0.000434968,0,0,0.014498928,a
215,ASV14166,0.000417031,0,0,0.013901034,a
216,ASV14167,0.000408063,0,0,0.013602087,a
217,ASV14168,0.000402457,0,0,0.013415245,a
218,ASV14169,0.000410305,0,0,0.013676823,a
219,ASV14170,0.000399094,0,0,0.01330314,a
220,ASV14171,0.000377794,0,0,0.012593141,a
221,ASV14172,0.000350889,0,2.02E-05,0.01236893,a
222,ASV14173,0.000372189,0,0,0.012406299,a
223,ASV14174,0.000334073,0,0,0.011135774,a
224,ASV14175,0.000339678,0,0,0.011322616,a
225,ASV14176,0.000322863,0,0,0.010762091,a
226,ASV14177,0.000321742,0,0,0.010724722,a
227,ASV14178,0.000293715,0,0.000200668,0.016479451,a
228,ASV14179,0.000292594,0,0,0.009753145,a
229,ASV1418,0.000679357,0,5.61E-05,0.024513651,a
230,ASV14180,0.000285868,0,0,0.009528934,a
231,ASV14181,0.000308289,3.36E-05,0,0.011397353,a
232,ASV14182,0.000249994,0,0,0.008333146,a
233,ASV14183,0.000292594,0.000183852,3.70E-05,0.017114713,a
234,ASV14184,0.000274658,0,0,0.009155251,a
235,ASV14185,0.000251115,0,0,0.008370515,a
236,ASV14186,0.000262326,0,0,0.008744199,a
237,ASV14187,0.000260084,0,0,0.008669462,a
238,ASV14188,0.000247752,0,0,0.00825841,a
239,ASV14189,0.000257842,0,0,0.008594725,a
240,ASV14190,0.000243268,0,0,0.008108936,a
241,ASV14191,0.0002343,0,0,0.007809989,a
242,ASV14192,0.000237663,0,0,0.007922094,a
243,ASV14193,0.000237663,0,0,0.007922094,a
244,ASV14194,0.000237663,0,0,0.007922094,a
245,ASV14195,0.000246631,0.000188337,4.15E-05,0.015881557,a
246,ASV14196,0.000254479,0,0,0.00848262,a
247,ASV14197,0.000210758,0,0,0.007025254,a
248,ASV14198,0.000260084,0,0,0.008669462,a
249,ASV14199,0.000251115,0,0,0.008370515,a
250,ASV14200,0.000223089,0,0.000217484,0.014685769,a
251,ASV14201,0.000219726,0,0,0.007324201,a
252,ASV14202,0.000246631,0,0,0.008221041,a
253,ASV14203,0.000213,0,0,0.00709999,a
254,ASV14204,0.000229815,0,0,0.007660516,a
255,ASV14205,0.000209637,0,0,0.006987885,a
256,ASV14206,0.000236542,0,0,0.007884726,a
257,ASV14207,0.000239905,0,0,0.007996831,a
258,ASV14208,0.000207394,0,0,0.006913148,a
259,ASV14209,0.000216363,0.000524652,0,0.024700493,b
260,ASV14211,0.000208516,0,9.53E-05,0.010126828,a
261,ASV14214,0.000220847,0,0,0.007361569,a
262,ASV14215,0.000230937,0,0,0.007697884,a
263,ASV14216,0.000214121,0,1.12E-06,0.007174727,a
264,ASV14217,0.000211879,0,0,0.007062622,a
265,ASV14218,0.000200668,0,0,0.006688938,a
266,ASV14219,0.000209637,1.12E-06,0,0.007025254,a
267,ASV14221,0.000205152,0,0,0.006838412,a
268,ASV14225,0.00020291,0,0,0.006763675,a
269,ASV14235,0.00020291,0,0,0.006763675,a
270,ASV14240,0.000180489,0.00087442,0.000159189,0.040469945,b
271,ASV1431,3.36E-05,0,0.000294836,0.010948932,c
272,ASV14331,0.001384498,0,0,0.046149937,a
273,ASV14396,0,0.000251115,0,0.008370515,b
274,ASV144,0.00057622,7.51E-05,0,0.021711023,a
275,ASV14422,0.001776866,2.24E-06,0.000102016,0.062704125,a
276,ASV14465,0.003588485,0,0,0.119616152,a
277,ASV14473,0.00035201,0,0,0.011733668,a
278,ASV145,0,0,0.000201789,0.006726307,c
279,ASV1454,0,0.000451784,0,0.015059453,b
280,ASV14552,1.12E-06,0.000334073,0,0.011173143,b
281,ASV14572,0,0.00061882,0,0.02062734,b
282,ASV14581,1.12E-06,0.001529114,0,0.051007825,b
283,ASV14641,0,0.000632273,0,0.021075761,b
284,ASV14670,0.00213336,0,0,0.071112008,a
285,ASV14671,0.00165355,0,0,0.055118346,a
286,ASV14672,0.001567229,5.61E-06,0,0.052427823,a
287,ASV14673,0.001451761,0.000257842,0,0.056986764,a
288,ASV14674,0.001374409,0,0,0.045813622,a
289,ASV14675,0.001251093,1.12E-06,0,0.041740469,a
290,ASV14676,0.001283604,0,0,0.042786784,a
291,ASV14677,0.000957378,0,0,0.031912588,a
292,ASV14678,0.00073541,0,0,0.024513651,a
293,ASV14679,0.000462994,0,0,0.015433137,a
294,ASV14680,0.0002982,0,0,0.009939986,a
295,ASV14681,0.000249994,0,0,0.008333146,a
296,ASV14682,0.000274658,0,0,0.009155251,a
297,ASV147,0,0.000201789,0,0.006726307,b
298,ASV14702,0.002107576,0,0,0.070252535,a
299,ASV14704,2.24E-06,0.00113002,0,0.037742054,b
300,ASV14712,1.12E-06,0.001440551,1.12E-06,0.048093092,b
301,ASV14724,0.002141208,0,0,0.071373587,a
302,ASV14796,1.12E-06,0.00101343,0,0.033818375,b
303,ASV14830,1.12E-06,0.000778009,0,0.025971017,b
304,ASV14869,1.12E-06,0.000344163,0,0.011509458,b
305,ASV14883,0,0.000375552,0,0.012518404,b
306,ASV149,4.93E-05,0.001110962,0,0.038676263,b
307,ASV14902,0.003629963,0,8.97E-06,0.121297729,a
308,ASV14903,0.001265667,0,0,0.04218889,a
309,ASV14904,0.002477523,0,0,0.082584098,a
310,ASV14905,0.002118787,0,0,0.070626219,a
311,ASV14906,0.002019013,0,0.002004439,0.13411508,a
312,ASV14907,0.000888994,0,0,0.029633117,a
313,ASV14908,0.000738773,0,0,0.024625756,a
314,ASV14909,0.000739894,0,0,0.024663124,a
315,ASV14910,0.00071411,0,0,0.023803652,a
316,ASV14911,0.001517903,0,0,0.050596773,a
317,ASV14912,0.000711867,0,0,0.023728915,a
318,ASV14913,0.001686061,0,0,0.056202028,a
319,ASV14914,0.001644582,0,5.61E-06,0.055006241,a
320,ASV14915,0.000656936,0,0,0.021897865,a
321,ASV14916,0.001368803,0,0,0.04562678,a
322,ASV14917,0.001125535,0,0,0.037517843,a
323,ASV14918,0.000614336,0,0,0.020477867,a
324,ASV14919,0.001217461,0,0,0.04058205,a
325,ASV14920,0.001161409,0,0,0.038713631,a
326,ASV14921,0.001238761,0,0,0.041292049,a
327,ASV14922,0.001177104,0,0,0.039236788,a
328,ASV14923,0.001100872,0,0,0.036695739,a
329,ASV14924,0.00098092,0,0,0.032697324,a
330,ASV14925,0.00082173,0,0,0.027391015,a
331,ASV14926,0.000969709,0,0,0.03232364,a
332,ASV14927,0.000366584,0,0,0.012219457,a
333,ASV14928,0.001006704,0,0,0.033556796,a
334,ASV14929,0.000346405,0,0,0.011546826,a
335,ASV14930,0.000822852,1.12E-06,0,0.027465752,a
336,ASV14931,0.000332952,0,0,0.011098406,a
337,ASV14932,0.000336315,0,0,0.011210511,a
338,ASV14933,0.000307168,0.000184973,0.000112105,0.020141551,a
339,ASV14934,0.000300442,0,0.000235421,0.017862081,a
340,ASV14935,0.000237663,0,0,0.007922094,a
341,ASV14936,0.000262326,0,0,0.008744199,a
342,ASV14937,0.000263447,0,0,0.008781567,a
343,ASV14938,0.000584068,0,0,0.019468921,a
344,ASV14939,0.000215242,0,0,0.007174727,a
345,ASV14940,0.000221968,0,0,0.007398937,a
346,ASV14941,0.000200668,0,0,0.006688938,a
347,ASV14942,0.000207394,0,0,0.006913148,a
348,ASV14946,0.000173763,0.000723078,0.000113226,0.033668901,b
349,ASV14951,0.000383399,0,0,0.012779983,a
350,ASV14952,0.000174884,0.000332952,0,0.016927872,b
351,ASV15,0,0,0.001544808,0.051493614,c
352,ASV150,0.000171521,0.000299321,7.96E-05,0.01834787,b
353,ASV15066,1.12E-06,0,0.000238784,0.007996831,c
354,ASV1509,0.000392368,0.000104258,0.000141252,0.021262602,a
355,ASV151,0,0.000616578,0,0.020552603,b
356,ASV15134,1.12E-06,0.000517926,0,0.017301555,b
357,ASV15136,0.000393489,0.000216363,9.98E-05,0.023654178,a
358,ASV15169,1.12E-06,0.000329589,0,0.011023669,b
359,ASV1518,0.000176005,0.000353131,0.000116589,0.021524181,b
360,ASV15188,0.00042712,0,0,0.014237349,a
361,ASV15290,0.001780229,0,0,0.059340971,a
362,ASV15291,0.004572767,0,0,0.152425581,a
363,ASV15292,0.001022399,0,0,0.034079953,a
364,ASV15293,0.000989888,0,0,0.032996271,a
365,ASV15294,0.000720836,0,0,0.024027862,a
366,ASV15295,0.000604247,0,0,0.020141551,a
367,ASV15296,0.000369947,0,0,0.012331562,a
368,ASV15297,0.000356494,0,0,0.011883142,a
369,ASV153,0.00035201,3.48E-05,0.000550436,0.031239957,c
370,ASV1531,0,0,0.00053362,0.017787344,c
371,ASV15311,5.61E-06,0,0.000998857,0.033482059,c
372,ASV15341,0.000254479,0,0,0.00848262,a
373,ASV15351,0,0,0.000223089,0.007436306,c
374,ASV15364,1.12E-06,0,0.000558283,0.018646817,c
375,ASV1538,0.000376673,0.000297079,2.24E-06,0.022533127,a
376,ASV15397,0,0,0.000225331,0.007511042,c
377,ASV154,0.000341921,1.12E-06,9.64E-05,0.014648401,a
378,ASV15433,0.000210758,0,0,0.007025254,a
379,ASV15442,0.000201789,0,0,0.006726307,a
380,ASV15453,0.000729804,0,0,0.024326809,a
381,ASV15489,0,0.000784736,0,0.026157859,b
382,ASV155,1.12E-06,0.000585189,0.00011771,0.023467336,b
383,ASV15609,0.000552678,0,0,0.018422606,a
384,ASV15616,0.010332728,0.002641196,0,0.432464145,a
385,ASV15617,0.004581736,1.68E-05,0,0.153285053,a
386,ASV15618,0.004659088,0,0,0.155302945,a
387,ASV15619,0.001359835,0,0,0.045327833,a
388,ASV15620,0.000903567,0,0,0.030118906,a
389,ASV15621,0.000857604,0,0,0.028586803,a
390,ASV15622,0.000758952,0,0,0.025298386,a
391,ASV15623,0.000584068,0,0,0.019468921,a
392,ASV15624,0.000517926,1.12E-06,0,0.017301555,a
393,ASV15625,0.000534741,0,0,0.017824712,a
394,ASV15626,0.000506715,0,0,0.016890503,a
395,ASV15627,0.000375552,0,0,0.012518404,a
396,ASV15628,0.000357615,0,0,0.01192051,a
397,ASV15629,0.000326226,0,0,0.010874196,a
398,ASV15630,0.000316136,0,0,0.01053788,a
399,ASV15631,0.000270173,0,0,0.009005777,a
400,ASV15632,0.000291473,0,0,0.009715776,a
401,ASV15633,0.000284747,0.000204031,0,0.016292609,a
402,ASV15634,0.000264568,0,0,0.008818935,a
403,ASV15635,0.000254479,0,0,0.00848262,a
404,ASV15636,0.000239905,0,0,0.007996831,a
405,ASV15637,0.000251115,0,0,0.008370515,a
406,ASV15640,0.000208516,0,0,0.006950517,a
407,ASV15642,0.000206273,0,0,0.00687578,a
408,ASV157,0.000283626,0.000385642,3.36E-06,0.022421022,b
409,ASV158,0.000214121,0.000263447,0,0.015918926,b
410,ASV1584,0,0.001299298,0.001244367,0.084788831,b
411,ASV1586,0,0.000817246,0,0.027241542,b
412,ASV1587,0.00166364,0.002101971,0,0.125520355,b
413,ASV1588,0.000989888,0.002946122,0.001512298,0.181610278,b
414,ASV159,0.000136768,0.00057622,0,0.023766283,b
415,ASV1590,0.002375507,0.000754467,0.000173763,0.110124586,a
416,ASV16,0.001138988,0.003858658,0.002033587,0.234374416,b
417,ASV1602,0.001312751,0.000471963,0,0.059490445,a
418,ASV16059,1.68E-05,0,0.000273536,0.009678408,c
419,ASV1613,0,0.000284747,9.19E-05,0.012555772,b
420,ASV1615,0.00133293,0,0,0.044430992,a
421,ASV1618,5.61E-06,0.000445057,0.000397973,0.028287856,b
422,ASV162,0.000429363,0.000263447,0.000205152,0.029932064,none
423,ASV1627,0.000863209,0,0,0.028773645,a
424,ASV163,0.000486536,0,0.000213,0.023317863,a
425,ASV164,0,0.000887872,1.12E-06,0.029633117,b
426,ASV165,0.00060761,0,0,0.020253656,a
427,ASV16541,7.85E-06,0.000762315,0,0.02567207,b
428,ASV1663,0.000236542,0,0.00026681,0.016778398,c
429,ASV1675,2.24E-05,2.24E-06,0.00827672,0.276712779,c
430,ASV168,1.12E-06,0.000494384,2.24E-06,0.016591556,b
431,ASV1685,0,0.000128921,0.001292572,0.047383093,c
432,ASV17,0.002603081,0.005902334,0.00205825,0.35212215,b
433,ASV1706,0,0.002283581,1.57E-05,0.076642527,b
434,ASV171,0,0.000510078,0.000102016,0.02040313,b
435,ASV1716,0,0,0.001840766,0.061358863,c
436,ASV172,0.000278021,0,0.000528015,0.026867858,c
437,ASV1722,0,0,0.000968588,0.032286272,c
438,ASV1723,0,3.36E-06,0.001008946,0.033743638,c
439,ASV1725,0,0,0.001285846,0.04286152,c
440,ASV1727,2.24E-06,9.64E-05,0.001956234,0.068496222,c
441,ASV1729,1.12E-06,5.61E-06,0.000844151,0.028362593,c
442,ASV1730,2.24E-06,5.61E-06,0.000850878,0.028624171,c
443,ASV1731,0.001391224,0.000899083,0.001522387,0.127089826,none
444,ASV1732,0.00137553,0.000412547,0.000649089,0.081238836,a
445,ASV1736,1.12E-06,0,0.000674873,0.022533127,c
446,ASV174,0.001603103,0.002784691,0.000780252,0.172268185,b
447,ASV1743,0,3.36E-05,0.000226452,0.008669462,c
448,ASV17441,0,0.00246407,0,0.082135677,b
449,ASV17442,0,0.002106455,0,0.070215167,b
450,ASV17443,0,0.001223067,0,0.040768892,b
451,ASV17444,0,0.001163651,0,0.038788368,b
452,ASV17445,0,0.001178225,0,0.039274157,b
453,ASV17446,0,0.001138988,0,0.037966264,b
454,ASV17447,0,0.000979799,0,0.032659955,b
455,ASV17448,0,0.00097083,0,0.032361008,b
456,ASV17449,0,0.000838546,0,0.027951541,b
457,ASV17450,0,0.000803794,0,0.026793121,b
458,ASV17451,0,0.000791462,0,0.026382069,b
459,ASV17452,0,0.000716352,0,0.023878388,b
460,ASV17453,0,0.000689446,0,0.022981547,b
461,ASV17454,0,0.000656936,0,0.021897865,b
462,ASV17455,0,0.000643483,0,0.021449444,b
463,ASV17456,0,0.000591915,0,0.019730499,b
464,ASV17457,0,0.000558283,0,0.018609448,b
465,ASV17458,0,0.00053362,0,0.017787344,b
466,ASV17459,0,0.000553799,0,0.018459975,b
467,ASV17460,0,0.000374431,0,0.012481036,b
468,ASV17461,0,0.000353131,0,0.011771037,b
469,ASV17462,0,0.000311652,0,0.010388407,b
470,ASV1749,0,4.48E-06,0.000946167,0.031688378,c
471,ASV1751,2.24E-06,4.48E-06,0.000679357,0.022869442,c
472,ASV1760,0,0,0.00068272,0.022757337,c
473,ASV17673,0,0.000355373,0,0.011845773,b
474,ASV1770,0.000374431,0,0,0.012481036,a
475,ASV17758,0,0.000389005,0,0.012966824,b
476,ASV17798,0,0.00093832,0,0.031277326,b
477,ASV17799,0,0.000884509,0,0.029483644,b
478,ASV17800,0,0.000929351,0.00026681,0.039872051,b
479,ASV17801,0,0.000724199,0,0.024139967,b
480,ASV17802,0,0.000742136,0,0.024737861,b
481,ASV17803,0,0.000672631,0,0.022421022,b
482,ASV17804,0,0.000638999,0,0.021299971,b
483,ASV17805,0,0.000609852,0,0.020328393,b
484,ASV17806,0,0.000630031,0,0.021001024,b
485,ASV17807,0,0.000616578,0,0.020552603,b
486,ASV17808,0,0.000526894,0,0.017563134,b
487,ASV17809,0,0.000801552,0,0.026718384,b
488,ASV17810,0,0.000494384,0,0.016479451,b
489,ASV17811,0,0.000520168,0,0.017338924,b
490,ASV17812,0,0.000492141,0,0.016404714,b
491,ASV17813,0,0.000442815,0,0.014760506,b
492,ASV17814,0,0.000480931,0,0.016031031,b
493,ASV17815,0,0.000442815,0,0.014760506,b
494,ASV17816,0,0.000402457,0,0.013415245,b
495,ASV17817,0,0.000438331,0,0.014611033,b
496,ASV17818,0,0.000419273,0,0.01397577,b
497,ASV17819,0,0.000413668,0,0.013788928,b
498,ASV17820,0,0.00059752,0.000150221,0.024924703,b
499,ASV17821,0,0.000397973,0,0.013265771,b
500,ASV17822,0,0.00040582,0,0.01352735,b
501,ASV17823,0,0.000412547,0,0.01375156,b
502,ASV17824,0,0.000387884,0,0.012929456,b
503,ASV17825,0,0.000366584,0,0.012219457,b
504,ASV17826,0,0.000378915,0,0.012630509,b
505,ASV17827,0,0.000375552,0,0.012518404,b
506,ASV17828,0,0.000360978,0,0.012032615,b
507,ASV17829,0,0.000353131,0,0.011771037,b
508,ASV17830,0,0.000303805,0,0.010126828,b
509,ASV17831,0,0.000355373,0,0.011845773,b
510,ASV17832,0,0.000320621,0,0.010687354,b
511,ASV17833,0,0.000322863,0,0.010762091,b
512,ASV17834,0,0.000328468,0,0.010948932,b
513,ASV17835,0,0.000318379,0,0.010612617,b
514,ASV17836,0,0.000313894,0,0.010463144,b
515,ASV17837,0,0.000301563,0,0.010052092,b
516,ASV17838,0,0.00030941,0,0.01031367,b
517,ASV17839,0,0.000303805,0,0.010126828,b
518,ASV17840,0,0.000278021,0,0.009267356,b
519,ASV17841,0,0.000265689,0,0.008856304,b
520,ASV17842,0,0.000270173,0,0.009005777,b
521,ASV17843,0,0.000279142,0.000147979,0.014237349,b
522,ASV17844,0,0.000256721,0,0.008557357,b
523,ASV17845,0,0.000253358,0,0.008445252,b
524,ASV17846,0,0.000252236,0,0.008407883,b
525,ASV17847,0,0.000235421,0,0.007847358,b
526,ASV17848,0,0.000217484,0,0.007249464,b
527,ASV17849,0,0.000227573,0,0.007585779,b
528,ASV17850,0,0.000219726,0,0.007324201,b
529,ASV17860,0,0.000144616,0.000668146,0.027092068,c
530,ASV1794,0,0.001513419,1.12E-06,0.050484668,b
531,ASV18,0.003229748,0.0113484,0.001995471,0.552453981,b
532,ASV180,0.000807157,0.002383355,0.000460752,0.121708781,b
533,ASV1800,5.16E-05,0.001447277,1.12E-06,0.049998879,b
534,ASV1817,0,0.000339678,0,0.011322616,b
535,ASV18174,0,0.000443936,0,0.014797874,b
536,ASV18175,0,0.000341921,0,0.011397353,b
537,ASV18176,0,0.000327347,0,0.010911564,b
538,ASV18177,0,0.000312773,0,0.010425775,b
539,ASV18178,0,0.000283626,0,0.009454198,b
540,ASV18179,0,0.000290352,0,0.009678408,b
541,ASV18180,0,0.000291473,0,0.009715776,b
542,ASV18181,0,0.000251115,0,0.008370515,b
543,ASV18182,0,0.00024551,0,0.008183673,b
544,ASV18183,0,0.000246631,0,0.008221041,b
545,ASV18184,0,0.000237663,0,0.007922094,b
546,ASV18185,0,0.000223089,0,0.007436306,b
547,ASV18186,0,0.000219726,0,0.007324201,b
548,ASV18187,0,0.000216363,0,0.007212095,b
549,ASV18188,0,0.000223089,0,0.007436306,b
550,ASV18189,0,0.000228694,0,0.007623147,b
551,ASV18190,0,0.000214121,0,0.007137359,b
552,ASV18191,0,0.000216363,0,0.007212095,b
553,ASV18193,0,0.000201789,0,0.006726307,b
554,ASV18195,0,0.000204031,0,0.006801043,b
555,ASV183,0,0.000389005,0,0.012966824,b
556,ASV1837,0,0.000308289,0.000154705,0.015433137,b
557,ASV1848,0.000413668,1.12E-06,0,0.013826297,a
558,ASV18532,0,0.000334073,0,0.011135774,b
559,ASV1857,0.000221968,0,0,0.007398937,a
560,ASV18600,0,0.000443936,0,0.014797874,b
561,ASV18610,0,0.000502231,0,0.01674103,b
562,ASV1862,3.03E-05,0,0.006738638,0.225630218,c
563,ASV18650,0,0,0.000247752,0.00825841,c
564,ASV18779,0,0.000987646,0,0.032921534,b
565,ASV18780,0,0.000830699,0,0.027689962,b
566,ASV18781,0,0.000811641,0,0.0270547,b
567,ASV18782,0,0.000780252,0,0.026008385,b
568,ASV18783,0,0.000763436,0,0.02544786,b
569,ASV18784,0,0.000744378,0,0.024812598,b
570,ASV18785,0,0.000665904,0,0.022196812,b
571,ASV18786,0,0.000627789,0,0.020926287,b
572,ASV18787,0,0.000573978,0,0.019132605,b
573,ASV18788,0,0.000519047,0,0.017301555,b
574,ASV18789,0,0.000524652,0,0.017488397,b
575,ASV18790,0,0.00050111,0,0.016703661,b
576,ASV18791,0,0.000476447,0,0.015881557,b
577,ASV18792,0,0.000459631,0,0.015321032,b
578,ASV18793,0,0.000475326,0,0.015844189,b
579,ASV18794,0,0.000449541,0,0.014984716,b
580,ASV18795,0,0.000413668,0,0.013788928,b
581,ASV18796,0,0.000441694,0,0.014723138,b
582,ASV18797,0,0.000436089,1.12E-06,0.014573664,b
583,ASV18798,0,0.000384521,0,0.012817351,b
584,ASV18799,0,0.000366584,0,0.012219457,b
585,ASV188,0,0.000230937,0,0.007697884,b
586,ASV18800,0,0.000371068,0,0.01236893,b
587,ASV18801,0,0.00041591,0,0.013863665,b
588,ASV18802,0,0.000386763,0,0.012892088,b
589,ASV18803,0,0.000380036,0,0.012667877,b
590,ASV18804,0,0.000363221,0,0.012107352,b
591,ASV18805,0,0.000356494,0,0.011883142,b
592,ASV18806,0,0.000346405,0,0.011546826,b
593,ASV18807,0,0.000349768,0,0.011658931,b
594,ASV18808,0,0.0003408,0,0.011359984,b
595,ASV18809,0,0.000327347,0,0.010911564,b
596,ASV18810,0,0.000335194,0,0.011173143,b
597,ASV18811,0,0.000325105,0,0.010836827,b
598,ASV18812,0,0.0003408,0,0.011359984,b
599,ASV18813,0,0.000308289,0,0.010276302,b
600,ASV18814,0,0.000325105,0,0.010836827,b
601,ASV18815,0,0.000300442,0,0.010014723,b
602,ASV18816,0,0.000269052,0,0.008968409,b
603,ASV18817,0,0.0002982,0,0.009939986,b
604,ASV18818,0,0.000256721,0.000217484,0.01580682,b
605,ASV18819,0,0.000264568,0,0.008818935,b
606,ASV18820,0,0.000264568,0,0.008818935,b
607,ASV18821,0,0.00026681,0,0.008893672,b
608,ASV18822,0,0.000244389,0,0.008146305,b
609,ASV18823,0,0.000257842,0,0.008594725,b
610,ASV18824,0,0.000257842,0,0.008594725,b
611,ASV18825,0,0.000243268,0,0.008108936,b
612,ASV18826,0,0.000230937,0,0.007697884,b
613,ASV18827,0,0.000225331,0,0.007511042,b
614,ASV18828,0,0.000219726,0,0.007324201,b
615,ASV18830,0,0.000217484,0,0.007249464,b
616,ASV18831,0,0.000213,0,0.00709999,b
617,ASV18832,0,0.000221968,0,0.007398937,b
618,ASV18834,0,0.00020291,0,0.006763675,b
619,ASV18836,0,0.000206273,0,0.00687578,b
620,ASV18838,0,0.000230937,0,0.007697884,b
621,ASV18840,0,0.000211879,0,0.007062622,b
622,ASV18879,0,9.75E-05,0.000200668,0.009939986,c
623,ASV189,0.000142373,0.000483173,0.000455147,0.036023109,none
624,ASV18934,0,2.24E-06,0.000274658,0.009229987,c
625,ASV18944,0,1.12E-06,0.000326226,0.010911564,c
626,ASV18962,0,3.36E-06,0.000229815,0.007772621,c
627,ASV18997,0,1.12E-06,0.000227573,0.007623147,c
628,ASV19,0.014679043,0.013889823,0.015147642,1.457216953,none
629,ASV19041,0,0.000940562,1.12E-06,0.031389431,b
630,ASV191,0.002557118,8.63E-05,3.36E-06,0.088226721,a
631,ASV1919,0.004898993,0,0.000239905,0.171296608,a
632,ASV1920,0.000220847,0.001686061,4.48E-06,0.063713071,b
633,ASV1921,0,0.002189413,0.002887828,0.169241347,c
634,ASV1923,0.002892312,0.000326226,0.002622139,0.194689207,none
635,ASV1932,0.000153584,0.001135625,0,0.042973625,b
636,ASV1934,0,0,0.001152441,0.038414684,c
637,ASV1935,0.000585189,0.001736508,0.000528015,0.094990396,b
638,ASV19440,0,0.001615435,0,0.053847821,b
639,ASV19441,0,0.001459609,1.12E-06,0.048690986,b
640,ASV19442,0,0.001409161,0,0.046972041,b
641,ASV19443,0,0.001308267,0,0.043608888,b
642,ASV19444,0,0.000937199,0,0.031239957,b
643,ASV19445,0,0.000894599,0,0.029819959,b
644,ASV19446,0,0.000903567,0,0.030118906,b
645,ASV19447,0,0.000887872,0,0.029595749,b
646,ASV19448,0,0.000816125,0,0.027204173,b
647,ASV19449,0,0.000785857,0,0.026195227,b
648,ASV1945,0,0.000653573,0.000383399,0.034565742,b
649,ASV19450,0,0.000795946,0,0.026531543,b
650,ASV19451,0,0.000791462,0,0.026382069,b
651,ASV19452,0,0.000797067,6.61E-05,0.028773645,b
652,ASV19453,0,0.000756709,0,0.02522365,b
653,ASV19454,0,0.000770162,0,0.02567207,b
654,ASV19455,0,0.000705141,0,0.023504705,b
655,ASV19456,0,0.000678236,0,0.022607864,b
656,ASV19457,0,0.000631152,0,0.021038392,b
657,ASV19458,0,0.000634515,0,0.021150497,b
658,ASV19459,0,0.00064012,0,0.021337339,b
659,ASV19460,0,0.000638999,0,0.021299971,b
660,ASV19461,0,0.000627789,0,0.020926287,b
661,ASV19462,0,0.00061882,0,0.02062734,b
662,ASV19463,0,0.000610973,0,0.020365762,b
663,ASV19464,0,0.000615457,0,0.020515235,b
664,ASV19465,0,0.000616578,0,0.020552603,b
665,ASV19466,0,0.000593036,0,0.019767868,b
666,ASV19467,0,0.000602004,0,0.020066815,b
667,ASV19468,0,0.000552678,0,0.018422606,b
668,ASV19469,0,0.000513441,0,0.017114713,b
669,ASV19470,0,0.000513441,0,0.017114713,b
670,ASV19471,0,0.000504473,0.000806036,0.043683624,c
671,ASV19472,0,0.000485415,0,0.016180504,b
672,ASV19473,0,0.000467478,3.36E-06,0.015694715,b
673,ASV19474,0,0.000477568,0,0.015918926,b
674,ASV19475,0,0.000443936,0,0.014797874,b
675,ASV19476,0,0.000421515,0,0.014050507,b
676,ASV19477,0,0.000384521,0,0.012817351,b
677,ASV19478,0,0.000376673,0,0.012555772,b
678,ASV19479,0,0.000376673,0,0.012555772,b
679,ASV19480,0,0.000367705,0,0.012256825,b
680,ASV19481,0,0.000355373,0,0.011845773,b
681,ASV19482,0,0.000334073,0,0.011135774,b
682,ASV19483,0,0.000316136,0,0.01053788,b
683,ASV19484,0,0.000320621,0,0.010687354,b
684,ASV19485,0,0.000310531,5.16E-05,0.012069983,b
685,ASV19486,0,0.000291473,0,0.009715776,b
686,ASV19487,0,0.0002769,0,0.009229987,b
687,ASV19488,0,0.000269052,0,0.008968409,b
688,ASV19489,0,0.0002343,1.12E-06,0.007847358,b
689,ASV19490,0,0.000226452,0,0.007548411,b
690,ASV195,0,0.00051232,6.61E-05,0.019282079,b
691,ASV1950,0.001638977,7.85E-06,0,0.054894135,a
692,ASV19527,0,2.24E-06,0.000376673,0.012630509,c
693,ASV1953,0.003462927,0.000706262,0.001294814,0.182133435,a
694,ASV19700,0,0,0.000854241,0.028474698,c
695,ASV1971,0,0,0.000441694,0.014723138,c
696,ASV19789,0,0,0.00098092,0.032697324,c
697,ASV1985,0,0,0.000369947,0.012331562,c
698,ASV2,0.004819399,0.018594875,0.007018901,1.014439138,b
699,ASV20,0.001600861,0.005026793,0.002571691,0.306644844,b
700,ASV2007,0,0.000508957,0,0.01696524,b
701,ASV20090,0,0,0.000766799,0.025559965,c
702,ASV201,0.001113204,0.001848613,0.000950651,0.130415611,none
703,ASV2016,0,0,0.001571714,0.052390455,c
704,ASV202,0.000396852,0.001661398,0.001740992,0.126641406,none
705,ASV2020,0,0,0.00113002,0.037667317,c
706,ASV2021,1.23E-05,0,0.002451739,0.082135677,c
707,ASV2022,3.36E-06,0,0.002082913,0.069542536,c
708,ASV2023,0,0,0.000707383,0.023579441,c
709,ASV2028,0,5.16E-05,0.001633371,0.05616466,c
710,ASV2029,3.36E-06,0,0.000950651,0.031800483,c
711,ASV2030,0.001562745,3.36E-06,0.001843008,0.113637213,c
712,ASV2031,0,0,0.00074662,0.024887334,c
713,ASV2034,2.24E-06,0,0.001331809,0.04446836,c
714,ASV2036,0.00193045,0,0.00153584,0.115543,a
715,ASV2037,0.000338557,0,1.79E-05,0.011883142,a
716,ASV2038,3.36E-06,0,0.000742136,0.024849966,c
717,ASV2039,0,0,0.000466357,0.015545242,c
718,ASV2046,2.24E-06,0,0.000478689,0.016031031,c
719,ASV20478,0,0,0.000414789,0.013826297,c
720,ASV20526,0,0,0.000256721,0.008557357,c
721,ASV2058,0,0,0.000733167,0.024438914,c
722,ASV2085,0,4.48E-06,0.000652452,0.021897865,c
723,ASV209,1.23E-05,0.000954014,0.000599762,0.052203613,b
724,ASV20900,0,0,0.000271294,0.009043146,c
725,ASV21,0.002247707,0.004580615,0.00111993,0.264941743,b
726,ASV2101,7.62E-05,3.36E-06,0.001534719,0.053810453,c
727,ASV213,0,0.000440573,0,0.014685769,b
728,ASV214,0.000744378,0.000128921,0.000357615,0.04103047,a
729,ASV215,1.12E-06,0.000950651,0,0.031725746,b
730,ASV2157,4.48E-06,0.0001065,0.000933836,0.034827321,c
731,ASV21582,0,0,0.000515684,0.01718945,c
732,ASV21583,0,0,0.000432726,0.014424191,c
733,ASV21584,0,0,0.000385642,0.012854719,c
734,ASV21585,0,0,0.000312773,0.010425775,c
735,ASV21586,0,0,0.0003195,0.010649985,c
736,ASV21587,0,0,0.000325105,0.010836827,c
737,ASV21588,0,0,0.000258963,0.008632093,c
738,ASV21589,0,0,0.000251115,0.008370515,c
739,ASV21590,0,0,0.00024551,0.008183673,c
740,ASV21591,0,0,0.000254479,0.00848262,c
741,ASV21592,0,0,0.000249994,0.008333146,c
742,ASV21593,0,0,0.000238784,0.007959463,c
743,ASV21594,0,0,0.000225331,0.007511042,c
744,ASV21595,0,0,0.000213,0.00709999,c
745,ASV21596,0,0,0.000217484,0.007249464,c
746,ASV21597,0,0,0.000243268,0.008108936,c
747,ASV21599,0,0,0.000209637,0.006987885,c
748,ASV216,0.000473084,0,0,0.015769452,a
749,ASV21601,0,0,0.000217484,0.007249464,c
750,ASV21602,0,0,0.000204031,0.006801043,c
751,ASV21604,0,0,0.000201789,0.006726307,c
752,ASV2164,0.000223089,0,0,0.007436306,a
753,ASV218,0,0.000107621,0.000325105,0.014424191,c
754,ASV22,0.001920361,0.004684873,0.00278357,0.312960098,none
755,ASV22045,0,0,0.000321742,0.010724722,c
756,ASV22156,0,0,0.000236542,0.007884726,c
757,ASV22202,0,0,0.000706262,0.023542073,c
758,ASV22203,0,0,0.000377794,0.012593141,c
759,ASV22204,0,0,0.000365463,0.012182089,c
760,ASV22205,0,0,0.000378915,0.012630509,c
761,ASV22206,0,0,0.000343042,0.011434721,c
762,ASV22207,0,0,0.000332952,0.011098406,c
763,ASV22208,0,0,0.000303805,0.010126828,c
764,ASV22209,0,0,0.000321742,0.010724722,c
765,ASV22210,0,0,0.000338557,0.011285248,c
766,ASV22211,0,0,0.000317257,0.010575249,c
767,ASV22212,0,0,0.000307168,0.010238933,c
768,ASV22213,0,0,0.000334073,0.011135774,c
769,ASV22214,0,0,0.000285868,0.009528934,c
770,ASV22215,0,0,0.000304926,0.010164197,c
771,ASV22216,0,0,0.000279142,0.009304724,c
772,ASV22217,0,0,0.0002556,0.008519988,c
773,ASV22218,0,0,0.000241026,0.0080342,c
774,ASV22219,0,0,0.0002556,0.008519988,c
775,ASV22220,0,0,0.000257842,0.008594725,c
776,ASV22221,0,0,0.000253358,0.008445252,c
777,ASV22222,0,0,0.000258963,0.008632093,c
778,ASV22223,0,0,0.000236542,0.007884726,c
779,ASV22224,0,0,0.000249994,0.008333146,c
780,ASV22225,0,0,0.000230937,0.007697884,c
781,ASV22226,0,0,0.000239905,0.007996831,c
782,ASV22227,0,0,0.000217484,0.007249464,c
783,ASV22228,0,0,0.000226452,0.007548411,c
784,ASV22229,0,0,0.000236542,0.007884726,c
785,ASV22230,0,0,0.000220847,0.007361569,c
786,ASV22231,0,0,0.000220847,0.007361569,c
787,ASV22232,0,0,0.00020291,0.006763675,c
788,ASV22233,0,0,0.000236542,0.007884726,c
789,ASV22234,0,0,0.000226452,0.007548411,c
790,ASV22235,0,0,0.000223089,0.007436306,c
791,ASV22236,0,0,0.000210758,0.007025254,c
792,ASV22238,0,0,0.000200668,0.006688938,c
793,ASV22240,0,0,0.000200668,0.006688938,c
794,ASV22241,0,0,0.00020291,0.006763675,c
795,ASV22243,0,0,0.00020291,0.006763675,c
796,ASV22244,0,0,0.000205152,0.006838412,c
797,ASV22246,0,0,0.000208516,0.006950517,c
798,ASV22257,0,0,0.000204031,0.006801043,c
799,ASV2229,0,1.12E-06,0.0002769,0.009267356,c
800,ASV223,0,1.12E-06,0.000850878,0.028399961,c
801,ASV224,0.001766777,0,0,0.058892551,a
802,ASV225,0.000217484,0.000588552,0.000552678,0.045290464,none
803,ASV22674,0,0,0.00106612,0.03553732,c
804,ASV22675,0,0,0.001020156,0.034005217,c
805,ASV22676,0,0,0.001016793,0.033893112,c
806,ASV22677,0,0,0.000986525,0.032884166,c
807,ASV22678,0,0,0.00098092,0.032697324,c
808,ASV22679,0,0,0.000806036,0.026867858,c
809,ASV22680,0,0,0.000802673,0.026755753,c
810,ASV22681,0,0,0.000782494,0.026083122,c
811,ASV22682,0,0,0.000707383,0.023579441,c
812,ASV22683,0,0,0.000672631,0.022421022,c
813,ASV22684,0,0,0.000649089,0.021636286,c
814,ASV22685,0,0,0.000346405,0.011546826,c
815,ASV22686,0,0,0.000318379,0.010612617,c
816,ASV22687,0,0,0.000278021,0.009267356,c
817,ASV2269,0,0.000710746,0,0.023691547,b
818,ASV22698,0,0,0.000846394,0.028213119,c
819,ASV2270,0.000556041,0,0,0.018534711,a
820,ASV228,0.000151342,0.000732046,0.000414789,0.043272572,b
821,ASV22925,0,0,0.00124773,0.041590996,c
822,ASV22926,0,0,0.001099751,0.036658371,c
823,ASV22927,0,0,0.000986525,0.032884166,c
824,ASV22928,0,0,0.000866572,0.02888575,c
825,ASV22929,0,0,0.000700657,0.023355231,c
826,ASV22930,0,0,0.000707383,0.023579441,c
827,ASV22931,0,0,0.000621062,0.020702077,c
828,ASV22932,0,0,0.000577341,0.019244711,c
829,ASV22933,0,0,0.000418152,0.013938402,c
830,ASV22934,0,0,0.000377794,0.012593141,c
831,ASV22935,0,0,0.000353131,0.011771037,c
832,ASV22936,0,0,0.000301563,0.010052092,c
833,ASV22937,0,0,0.000293715,0.009790513,c
834,ASV22940,0,0,0.000466357,0.015545242,c
835,ASV22967,0,0,0.00097083,0.032361008,c
836,ASV23,0.001932692,0.00612206,0.002446133,0.350029521,b
837,ASV2308,0.002290307,0.002749938,0,0.168008191,b
838,ASV2309,0,0,0.000737652,0.024588387,c
839,ASV2311,0.001049304,0.001721934,0.003215175,0.199547095,c
840,ASV23134,0,0,0.001871034,0.062367809,c
841,ASV23135,0,0,0.001256698,0.041889943,c
842,ASV23136,0,0,0.001175983,0.03919942,c
843,ASV23137,0,0,0.000979799,0.032659955,c
844,ASV23138,0,0,0.000942804,0.031426799,c
845,ASV23139,0,0,0.000915899,0.030529958,c
846,ASV2314,0,0.000483173,0.000104258,0.019581026,b
847,ASV23140,0,0,0.000856483,0.028549435,c
848,ASV23141,0,0,0.000834062,0.027802067,c
849,ASV23142,0,0,0.000830699,0.027689962,c
850,ASV23143,0,0,0.00073541,0.024513651,c
851,ASV23144,0,0,0.000643483,0.021449444,c
852,ASV23145,0,0,0.000548194,0.018273133,c
853,ASV23146,0,0,0.000521289,0.017376292,c
854,ASV23147,0,0,0.000354252,0.011808405,c
855,ASV23148,0,0,0.000294836,0.009827881,c
856,ASV23149,0,0,0.000289231,0.009641039,c
857,ASV2315,0.00348759,0,0.000368826,0.128547193,a
858,ASV23150,0,0,0.000282505,0.009416829,c
859,ASV23151,0,0,0.000269052,0.008968409,c
860,ASV23152,0,0,0.00024551,0.008183673,c
861,ASV23153,0,0,0.000252236,0.008407883,c
862,ASV23154,0,0,0.000211879,0.007062622,c
863,ASV2316,0.001955113,0.000313894,9.53E-05,0.078809892,a
864,ASV2319,0.000496626,0,0,0.016554188,a
865,ASV2321,0.000881146,0,0,0.029371539,a
866,ASV2334,0.001569472,0,0.000434968,0.066814645,a
867,ASV2338,0,0.00080043,0,0.026681016,b
868,ASV2347,0,0.000575099,0,0.019169974,b
869,ASV2348,0.001747719,0.000542589,0.00016031,0.081687257,a
870,ASV2354,0,0,0.00047981,0.015993662,c
871,ASV2357,0,0,0.000754467,0.025148913,c
872,ASV2358,0,0.000909172,0.0001065,0.033855743,b
873,ASV2361,0.000364342,0.000332952,0.000385642,0.036097845,none
874,ASV2362,0.000113226,0.000813883,0,0.030903642,b
875,ASV2366,0.00045851,0.000447299,0,0.030193643,a
876,ASV2394,0.000226452,0,0,0.007548411,a
877,ASV24,0,0.001645703,1.12E-06,0.054894135,b
878,ASV240,0.000156947,0.000651331,6.50E-05,0.02910996,b
879,ASV2408,0.000334073,0,0,0.011135774,a
880,ASV241,0,0.001628887,0.000315015,0.064796753,b
881,ASV242,0,0.00033071,0,0.011023669,b
882,ASV2420,0,0.002881101,0.001180467,0.135385604,b
883,ASV2429,0,0.000528015,0,0.017600502,b
884,ASV2438,0.001957355,0,0.000723078,0.089347772,a
885,ASV244,0.002751059,0.001313872,0.000697294,0.158740835,a
886,ASV2442,1.12E-06,0.001254456,4.48E-05,0.043347309,b
887,ASV2443,2.24E-06,0,0.000293715,0.00986525,c
888,ASV2447,8.07E-05,0.000754467,0.000251115,0.03620995,b
889,ASV2451,0.00013901,0,0.000339678,0.015956294,c
890,ASV247,0.000378915,7.29E-05,8.97E-06,0.0153584,a
891,ASV2470,0,0.000378915,2.58E-05,0.013489982,b
892,ASV2475,0.001764534,0,0,0.058817814,a
893,ASV248,0.000272415,0.000633394,0.000206273,0.037069423,b
894,ASV249,5.49E-05,0.000451784,0.000189458,0.023205758,b
895,ASV250,0,0.001451761,0,0.048392039,b
896,ASV2501,0.000934957,0,0,0.031165221,a
897,ASV2503,0,2.24E-06,0.000505594,0.016927872,c
898,ASV251,0,0.000131163,0.000253358,0.012817351,c
899,ASV2511,0.000209637,0.000176005,0.001233156,0.053959926,c
900,ASV2513,0,0.000695052,0,0.023168389,b
901,ASV252,6.05E-05,0.002411381,0,0.082397256,b
902,ASV2526,0,0.000515684,0,0.01718945,b
903,ASV258,0.003276832,0,0.000905809,0.139421388,a
904,ASV2583,0,0.000488778,1.12E-06,0.016329978,b
905,ASV2589,0.00071411,8.74E-05,0,0.026718384,a
906,ASV26,0.001828434,0.004949441,0.001988745,0.292220653,b
907,ASV262,0.003399027,0.000124437,1.01E-05,0.117785102,a
908,ASV2625,0,0,0.001606466,0.053548874,c
909,ASV2634,3.36E-06,0,0.001643461,0.054894135,c
910,ASV2638,0.002200623,1.57E-05,0.000159189,0.079183576,a
911,ASV2645,0.000723078,2.24E-06,1.12E-06,0.024214704,a
912,ASV2647,0.001808255,1.12E-06,0,0.060312549,a
913,ASV2649,0.003297011,0,2.24E-06,0.109975113,a
914,ASV265,0.000265689,8.41E-05,5.49E-05,0.013489982,a
915,ASV2650,0.001427098,0,0,0.047569935,a
916,ASV2654,6.05E-05,1.12E-06,0.001530235,0.053063085,c
917,ASV2685,0,0,0.000794825,0.026494174,c
918,ASV2686,0.00110872,0,0,0.036957318,a
919,ASV269,0,0.000446178,0.000686083,0.037742054,c
920,ASV2690,0.003203964,0.00071411,2.24E-06,0.13067719,a
921,ASV2691,0.00109863,0,0,0.036621003,a
922,ASV27,0.000623304,0.00051232,0,0.037854159,a
923,ASV2721,0.000441694,0,0,0.014723138,a
924,ASV273,0.000587431,0,0,0.019581026,a
925,ASV275,0.000270173,0.000838546,0.000152463,0.042039416,b
926,ASV2756,0.002035829,0.000455147,3.48E-05,0.084190937,a
927,ASV276,0.001476424,0.000807157,0,0.07611937,a
928,ASV2779,1.12E-06,0,0.000882267,0.029446275,c
929,ASV2781,0.000550436,0,0,0.01834787,a
930,ASV2784,0.00052241,0,0,0.01741366,a
931,ASV28,0.000922625,0.002990964,0.000523531,0.147904008,b
932,ASV280,0.000300442,0.003405753,0.000505594,0.140392966,b
933,ASV281,6.73E-06,0.002264523,6.84E-05,0.077987788,b
934,ASV282,0.001212977,0,0,0.040432576,a
935,ASV285,0.000227573,0.000236542,0.000439452,0.030118906,none
936,ASV2850,0,0.000241026,0,0.0080342,b
937,ASV2851,1.12E-06,0.001022399,0,0.034117322,b
938,ASV288,0.000656936,0.000461873,1.12E-06,0.037331002,a
939,ASV289,0,0.000531378,0.000246631,0.025933649,b
940,ASV29,0.000248873,0.001534719,0.000968588,0.091739348,b
941,ASV291,0.000515684,0.000158068,2.24E-06,0.022533127,a
942,ASV2911,2.91E-05,1.01E-05,0.000428242,0.01558261,c
943,ASV2919,0,0,0.002618775,0.087292512,c
944,ASV2923,0.00199435,0.00130154,0,0.109863008,a
945,ASV2924,0.001270151,0,0.000561647,0.061059916,a
946,ASV2935,0.001456245,3.36E-06,0.000420394,0.062666756,a
947,ASV294,0,0.001202888,0.000201789,0.046822568,b
948,ASV2945,0,0.001225309,0.001946145,0.105715118,c
949,ASV295,0.001143472,0.00050111,0.000269052,0.063787807,a
950,ASV2950,1.57E-05,0.001572835,0,0.05295098,b
951,ASV2952,0,0,0.00042712,0.014237349,c
952,ASV2964,0.000389005,0.00199435,4.48E-06,0.079594628,b
953,ASV2967,0.0002343,0,0.001030246,0.042151521,c
954,ASV297,0,0.000825094,0,0.02750312,b
955,ASV2987,0.000338557,0.000958499,0,0.043235204,b
956,ASV2993,0,0.000338557,0,0.011285248,b
957,ASV2998,0,0.000632273,0,0.021075761,b
958,ASV3,0.008220668,0.01593462,0.008725141,1.09601429,none
959,ASV30,0.031636062,0.005840676,0.002810475,1.34290711,a
960,ASV3002,0.000344163,0.000529136,0.001073967,0.064908859,c
961,ASV3020,0,0.000446178,0.000619941,0.03553732,c
962,ASV3024,0,0.002087397,0.000741015,0.094280397,b
963,ASV3027,0.001348624,0.000932715,0.000356494,0.087927774,a
964,ASV3035,1.91E-05,2.80E-05,0.000799309,0.028213119,c
965,ASV3039,0,0.000286989,0.000219726,0.016890503,b
966,ASV3052,0,0,0.000419273,0.01397577,c
967,ASV307,0.000443936,0.000791462,0.000457389,0.056426239,none
968,ASV3082,0,0.000615457,0,0.020515235,b
969,ASV3095,0,0,0.000256721,0.008557357,c
970,ASV3100,0.000467478,0,0,0.01558261,a
971,ASV3122,0,4.60E-05,0.00037331,0.01397577,c
972,ASV3129,0.001742113,0,0,0.058070447,a
973,ASV313,0,0.000228694,0,0.007623147,b
974,ASV3130,0.001283604,0,8.97E-06,0.043085731,a
975,ASV3134,0.002766754,8.97E-05,0.000645725,0.116738788,a
976,ASV3135,3.48E-05,0.00024551,6.73E-06,0.009566303,b
977,ASV3136,0.001441672,0,7.85E-06,0.048317302,a
978,ASV3143,0.00203695,0,0,0.067898328,a
979,ASV3146,0.002595233,0,0,0.086507776,a
980,ASV3149,0,0.000341921,8.97E-06,0.0116963,b
981,ASV3158,0.000609852,0,0,0.020328393,a
982,ASV3181,0.000132284,0.000295957,0.000331831,0.025335755,none
983,ASV3184,0,0.000892357,4.26E-05,0.031165221,b
984,ASV3199,0.000515684,0,0,0.01718945,a
985,ASV32,0,0.001525751,0,0.050858351,b
986,ASV320,0.002377749,0.000114347,0.000164795,0.088563037,a
987,ASV3210,0.000736531,0,0,0.024551019,a
988,ASV3212,0.000304926,0,0,0.010164197,a
989,ASV3233,0.00092823,0.000538105,0.000786978,0.075110424,none
990,ASV33,0.001894576,0.002900159,0.00283738,0.254403862,none
991,ASV330,0,0.00076792,0,0.025597333,b
992,ASV331,0.000136768,0,0.000471963,0.020291025,c
993,ASV3330,0.000505594,1.12E-06,0,0.016890503,a
994,ASV339,7.17E-05,0.001339656,0.00157844,0.099661443,c
995,ASV34,0.000634515,0.005814892,0.00964216,0.536385582,c
996,ASV3424,0.002116544,0.001513419,0,0.120998782,a
997,ASV3425,0.005569382,0,0,0.185646062,a
998,ASV3427,0.002277976,0,0.000710746,0.099624074,a
999,ASV3433,0,0,0.000315015,0.010500512,c
1000,ASV3435,0.000425999,0,0,0.014199981,a
1001,ASV345,0.000188337,0.000204031,0.000124437,0.017226819,none
1002,ASV3457,0,0.000430484,0.000795946,0.040880997,c
1003,ASV346,0.001817224,0,0.000140131,0.065245174,a
1004,ASV3468,1.12E-06,0,0.000213,0.007137359,c
1005,ASV3483,0.000151342,0.000858725,8.30E-05,0.036434161,b
1006,ASV35,0.000647968,0.001746598,0.00126903,0.122119833,none
1007,ASV350,0.000114347,0.001841887,0.00214345,0.136656129,c
1008,ASV3509,0,0.001391224,0.00093832,0.077651473,b
1009,ASV3530,0.001915876,0,0,0.063862544,a
1010,ASV3531,0.000254479,0,0,0.00848262,a
1011,ASV3535,0,1.12E-06,0.000383399,0.012817351,c
1012,ASV3551,0.000965225,0,0,0.032174166,a
1013,ASV3563,0.002199502,2.24E-06,0,0.073391479,a
1014,ASV357,0.000425999,0,1.12E-06,0.014237349,a
1015,ASV3593,0.001049304,6.73E-06,0,0.035201004,a
1016,ASV3598,0.000616578,0,0,0.020552603,a
1017,ASV36,0,0.004919172,0.015929015,0.694939575,c
1018,ASV3603,0.000258963,1.12E-05,0.000168158,0.014611033,a
1019,ASV3607,4.15E-05,0.000451784,0,0.016442083,b
1020,ASV3624,0.000223089,0,0,0.007436306,a
1021,ASV3646,0.000221968,0,0,0.007398937,a
1022,ASV368,2.24E-06,0.000513441,1.12E-06,0.017226819,b
1023,ASV3688,0.002842986,0,0,0.094766186,a
1024,ASV369,2.47E-05,0.000673752,7.96E-05,0.025933649,b
1025,ASV3699,0,0,0.000408063,0.013602087,c
1026,ASV37,0.000857604,0.003229748,0.000765678,0.161767673,b
1027,ASV3704,0.000265689,0,0,0.008856304,a
1028,ASV3712,0,0.000859846,0,0.02866154,b
1029,ASV3748,0.000332952,0.000307168,2.24E-06,0.021412076,a
1030,ASV3759,0.000488778,0,0,0.016292609,a
1031,ASV376,0.000436089,1.12E-06,0,0.014573664,a
1032,ASV3777,0.000246631,4.48E-06,0,0.008370515,a
1033,ASV378,0,0.000182731,0.000529136,0.023728915,c
1034,ASV3780,0.000510078,9.64E-05,8.74E-05,0.023131021,a
1035,ASV3798,0.000343042,0,0,0.011434721,a
1036,ASV38,0,0.000734288,0.000422636,0.038564158,b
1037,ASV3824,0.000353131,0,0,0.011771037,a
1038,ASV3829,6.84E-05,0,0.000411426,0.015993662,c
1039,ASV3867,0.000429363,0,0,0.014312086,a
1040,ASV39,0.019649784,0.023966951,0.023697899,2.24382114,none
1041,ASV3942,0,0.000461873,0,0.015395768,b
1042,ASV3998,0.000220847,0.000154705,0,0.012518404,a
1043,ASV4,0.016976077,8.97E-06,1.79E-05,0.566766067,a
1044,ASV40,0.003652384,0.004317168,0.005080604,0.435005194,none
1045,ASV401,0.000204031,0.000102016,0,0.010201565,a
1046,ASV4056,0,0,0.000220847,0.007361569,c
1047,ASV41,0.000428242,0.001227551,0.000358736,0.067150961,b
1048,ASV413,0.000470841,0.00039461,1.12E-06,0.02888575,a
1049,ASV4198,0,0.000454026,0.000283626,0.024588387,b
1050,ASV42,0.006237528,0.004090715,0.011164548,0.716426388,c
1051,ASV420,0.002244344,5.61E-06,0.000716352,0.098876707,a
1052,ASV425,5.49E-05,0.000487657,0.000386763,0.030978379,b
1053,ASV428,0.000475326,0.0001065,1.12E-06,0.019431552,a
1054,ASV429,0,0.000638999,0,0.021299971,b
1055,ASV43,0.000976436,0.001100872,0.000199547,0.075895159,none
1056,ASV433,0,0,0.000822852,0.027428384,c
1057,ASV435,0.000345284,0,0,0.011509458,a
1058,ASV436,0.000163673,0,0.000786978,0.031688378,c
1059,ASV438,0.000665904,0.000364342,0.000308289,0.044617834,none
1060,ASV439,1.79E-05,0.000228694,0,0.008221041,b
1061,ASV44,0.013718302,0.014311338,0.020082509,1.603738332,none
1062,ASV443,0.000531378,0.001257819,0.000406942,0.073204637,b
1063,ASV4439,0.000205152,0.000125558,1.91E-05,0.011658931,a
1064,ASV445,0.000179368,0.000414789,0,0.019805236,b
1065,ASV446,0.001057151,0.003119885,0.002755544,0.231086,none
1066,ASV45,0.008232999,0.006030134,0.004893388,0.638550705,none
1067,ASV450,0.001335172,0.000343042,0.000655815,0.077800946,a
1068,ASV4533,0.000241026,7.85E-05,0.000153584,0.015769452,a
1069,ASV457,0,0.00020291,0,0.006763675,b
1070,ASV46,0.001125535,0.002844107,0.000840788,0.160347675,b
1071,ASV47,0,0.006085065,0.001369924,0.24849966,b
1072,ASV472,0,0.000698415,0,0.023280494,b
1073,ASV478,0,0.000354252,0,0.011808405,b
1074,ASV4790,1.12E-06,0.00042712,0,0.014274717,b
1075,ASV48,0.000571736,0.001577319,0.000612094,0.092038295,b
1076,ASV480,0.000364342,0.00018161,0,0.018198396,a
1077,ASV4842,0,0.000431605,0,0.014386822,b
1078,ASV487,0.000132284,0.000200668,0.000325105,0.021935233,none
1079,ASV4875,3.36E-06,0.000973072,0,0.03254785,b
1080,ASV49,9.53E-05,0.000438331,0.00024551,0.025971017,b
1081,ASV491,0.000124437,0.00053362,0.000135647,0.026456806,b
1082,ASV494,4.26E-05,0,0.025553239,0.853194622,c
1083,ASV501,0,0.000644604,0,0.021486813,b
1084,ASV5041,1.12E-06,0.001572835,0,0.052465191,b
1085,ASV505,0,0.000802673,0.000184973,0.032921534,b
1086,ASV5085,0,0.000473084,8.41E-05,0.01857208,b
1087,ASV509,2.02E-05,0.000343042,0.000155826,0.017301555,b
1088,ASV51,9.75E-05,0.000482052,0.001561624,0.071373587,c
1089,ASV510,0,0.000430484,0.000248873,0.022645232,b
1090,ASV5147,0,0,0.000230937,0.007697884,c
1091,ASV515,0,0.000322863,0.000378915,0.0233926,c
1092,ASV520,7.17E-05,0.000441694,0.000631152,0.038153106,c
1093,ASV5216,0,0.016547835,0.013782202,1.011001248,b
1094,ASV5233,0,0,0.000217484,0.007249464,c
1095,ASV524,2.24E-06,0.000593036,1.01E-05,0.02017892,b
1096,ASV5240,0,0.000200668,0,0.006688938,b
1097,ASV5255,0,0,0.000264568,0.008818935,c
1098,ASV526,2.24E-06,0.000130042,0.000200668,0.011098406,c
1099,ASV527,0.000233179,4.48E-05,0.000102016,0.012667877,a
1100,ASV528,0.001051546,0.126349185,0.187096702,10.48324776,c
1101,ASV5293,0.000741015,0,0,0.024700493,a
1102,ASV5294,0,0,0.000213,0.00709999,c
1103,ASV53,0,0.000709625,0.001483151,0.073092532,c
1104,ASV530,0,0,0.000226452,0.007548411,c
1105,ASV5302,0,0,0.000207394,0.006913148,c
1106,ASV5303,0.000310531,0,0,0.010351038,a
1107,ASV531,0,7.85E-05,0.000248873,0.010911564,c
1108,ASV5348,0.000301563,0,0,0.010052092,a
1109,ASV5359,0.000401336,0,0,0.013377876,a
1110,ASV5396,0.000792583,0.000169279,0.000187216,0.038302579,a
1111,ASV5397,0,0.00068272,7.06E-05,0.025111545,b
1112,ASV54,0.000506715,0.003063833,0.001469698,0.168008191,b
1113,ASV5408,0.000439452,0.00062891,0,0.035612057,b
1114,ASV5428,8.97E-06,0.000957378,0,0.032211535,b
1115,ASV544,0,0.000464115,0,0.015470505,b
1116,ASV5440,0.000221968,0,0.001533598,0.058518867,c
1117,ASV5459,0,0.000147979,0.000261205,0.013639455,c
1118,ASV551,0.002049281,0.001236519,0.005210646,0.283214876,c
1119,ASV557,0.000649089,0.000256721,0,0.030193643,a
1120,ASV5573,0.001899061,0.000136768,0,0.06786096,a
1121,ASV56,0.000193942,0.000590794,0.000503352,0.042936257,none
1122,ASV560,0.004801462,0.000267931,0.000345284,0.180489227,a
1123,ASV5647,0,0.000114347,0.000270173,0.012817351,c
1124,ASV5666,0.00108742,4.48E-06,0.000578462,0.055678871,a
1125,ASV568,0.000137889,1.12E-06,0.000567252,0.023542073,c
1126,ASV569,0.000517926,0.000955136,0.001125535,0.086619881,none
1127,ASV57,0.001127777,0.000939441,9.87E-05,0.072195691,a
1128,ASV573,0.002938275,0.000156947,0.000562768,0.121932991,a
1129,ASV5746,0,0.000484294,2.24E-06,0.016217873,b
1130,ASV5776,0.000198426,0.000610973,0.000761194,0.052353086,none
1131,ASV58,0.000622183,0.002438286,0.000384521,0.114833001,b
1132,ASV587,0.002270128,0.005753234,0.040178471,1.606727801,c
1133,ASV5879,0.000313894,0,0.000133405,0.01490998,a
1134,ASV5938,1.12E-06,0.000749983,0,0.025036808,b
1135,ASV60,0.000455147,0.00069281,0.000551557,0.056650449,none
1136,ASV601,0.003592969,0.003996547,0.004360889,0.398346823,none
1137,ASV6047,1.12E-06,0.000414789,0,0.013863665,b
1138,ASV6059,0,0.000339678,0,0.011322616,b
1139,ASV6071,1.12E-06,0.00066142,0,0.022084707,b
1140,ASV6072,0,0.000962983,0,0.03209943,b
1141,ASV61,0.001637856,0.005153472,0.001376651,0.272265943,b
1142,ASV6151,0,0.000260084,0,0.008669462,b
1143,ASV6155,0,0.000766799,1.12E-06,0.025597333,b
1144,ASV618,0.000937199,5.49E-05,0.000261205,0.041777838,a
1145,ASV6199,1.12E-06,0.000311652,0.00022421,0.017899449,b
1146,ASV62,0.002016771,0.001346382,0.000326226,0.122979305,a
1147,ASV6207,0,0.000699536,0,0.023317863,b
1148,ASV621,0,0,0.000660299,0.02200997,c
1149,ASV6212,1.12E-06,0.00047981,0,0.016031031,b
1150,ASV622,0.000244389,0.000134526,0.000924867,0.043459414,c
1151,ASV6279,0.001754445,1.12E-06,0,0.058518867,a
1152,ASV6281,0.002052645,0.002057129,0.001462972,0.185758167,none
1153,ASV6285,0,0,0.002705096,0.090169877,c
1154,ASV629,1.12E-06,0.001266788,1.12E-06,0.042300995,b
1155,ASV6291,0.004123226,0.001211856,0.000114347,0.181647646,a
1156,ASV6293,0.000294836,0,0,0.009827881,a
1157,ASV6296,0,0.000178247,0.000214121,0.013078929,c
1158,ASV6302,0.000223089,0,4.37E-05,0.008893672,a
1159,ASV6304,0,0.000724199,0,0.024139967,b
1160,ASV6316,0.000349768,0,0.000937199,0.042898889,c
1161,ASV632,0,0,0.000264568,0.008818935,c
1162,ASV633,0.002101971,2.24E-05,0.000748862,0.095775132,a
1163,ASV6330,0.000267931,0.001558261,0.000922625,0.091627243,b
1164,ASV6332,0,0.00061882,0.000366584,0.032846797,b
1165,ASV6336,0.000262326,0,0,0.008744199,a
1166,ASV6337,0.000257842,7.29E-05,1.12E-06,0.011061037,a
1167,ASV6355,0.000187216,0.000784736,8.63E-05,0.035275741,b
1168,ASV6356,1.12E-06,0.000420394,0.000419273,0.028026277,b
1169,ASV6360,5.61E-06,0.000440573,0.001218583,0.055492029,c
1170,ASV6372,0.00011771,0,0.00073541,0.02843733,c
1171,ASV6375,0,0,0.000267931,0.00893104,c
1172,ASV6379,0,0.000612094,0.000420394,0.034416269,b
1173,ASV6387,0.000205152,0.000513441,0.000306047,0.03415469,b
1174,ASV64,0.000447299,0.001956234,0.000521289,0.097494077,b
1175,ASV642,0.00028811,0.000418152,0.000337436,0.034789952,none
1176,ASV6423,2.24E-06,0.001474182,0,0.049214143,b
1177,ASV6424,0.000130042,0.000413668,0,0.018123659,b
1178,ASV643,0,0.000131163,0.000432726,0.01879629,c
1179,ASV644,2.24E-06,0,0.00107733,0.03598574,c
1180,ASV6453,0,6.84E-05,0.000232058,0.010014723,c
1181,ASV6459,0.000313894,0.000189458,0.000187216,0.023018916,none
1182,ASV647,0.000577341,0.000249994,0.000439452,0.042226258,none
1183,ASV6478,0,0.000331831,0.000267931,0.019992078,b
1184,ASV6490,0.000652452,7.06E-05,0.001086299,0.060312549,c
1185,ASV6491,0,0,0.000638999,0.021299971,c
1186,ASV65,0.001497724,0.000957378,0.001455124,0.130340874,none
1187,ASV6507,0.000238784,9.08E-05,0,0.010986301,a
1188,ASV6518,0,7.85E-06,0.001572835,0.052689402,c
1189,ASV654,0.000161431,3.36E-06,0.000442815,0.020253656,c
1190,ASV6571,0,0.000355373,0.000152463,0.016927872,b
1191,ASV6580,9.64E-05,0,0.001184951,0.042712047,c
1192,ASV6590,0,0.0002769,0,0.009229987,b
1193,ASV667,0,0.000758952,1.12E-06,0.025335755,b
1194,ASV6694,0,0.000153584,0.000411426,0.018833658,c
1195,ASV67,0.000338557,0.001811619,0.000192821,0.078099893,b
1196,ASV6707,0,0.000283626,0,0.009454198,b
1197,ASV672,0,0.000280263,0.000310531,0.019693131,c
1198,ASV6720,1.12E-06,0.000208516,2.24E-06,0.007062622,b
1199,ASV6733,0,0,0.000244389,0.008146305,c
1200,ASV6742,0.000242147,0.000253358,0,0.01651682,b
1201,ASV6752,0,0.000396852,0.000143495,0.018011554,b
1202,ASV6753,0,0,0.000327347,0.010911564,c
1203,ASV6759,0.000294836,0.000169279,0,0.015470505,a
1204,ASV6777,0,0.000238784,0,0.007959463,b
1205,ASV6779,0,0.000580704,0,0.019356816,b
1206,ASV678,0,0,0.000525773,0.017525765,c
1207,ASV6803,0,0,0.000261205,0.00870683,c
1208,ASV684,0,1.12E-06,0.000218605,0.007324201,c
1209,ASV688,0,0,0.000216363,0.007212095,c
1210,ASV69,8.07E-05,0.000733167,0.000150221,0.032136798,b
1211,ASV6910,0.00106612,0,0,0.03553732,a
1212,ASV6911,0,0.001545929,0,0.051530982,b
1213,ASV6947,1.23E-05,0.000217484,0,0.007660516,b
1214,ASV696,0.000506715,7.74E-05,0.0001065,0.023018916,a
1215,ASV6962,0.00040582,0,0,0.01352735,a
1216,ASV6966,0.000257842,0.000652452,0,0.030343116,b
1217,ASV6984,0,0.00026681,0,0.008893672,b
1218,ASV6989,0.000372189,0,0,0.012406299,a
1219,ASV6994,0.000251115,0,9.53E-05,0.011546826,a
1220,ASV7,0.194117845,0.003949463,0.001236519,6.643460909,a
1221,ASV70,0.000326226,0,0.001109841,0.047868882,c
1222,ASV7023,0,0,0.00049102,0.016367346,c
1223,ASV704,0,0,0.000204031,0.006801043,c
1224,ASV7049,0,0.000328468,0,0.010948932,b
1225,ASV706,0,7.06E-05,0.000242147,0.010425775,c
1226,ASV7091,0.000201789,0,0,0.006726307,a
1227,ASV71,0,1.12E-06,0.0003408,0.011397353,c
1228,ASV7143,0,0.000741015,0.000162552,0.030118906,b
1229,ASV7172,0,0.000307168,0,0.010238933,b
1230,ASV7183,0,0,0.000249994,0.008333146,c
1231,ASV7196,0,0.00043721,0,0.014573664,b
1232,ASV72,0.003577274,0.002542544,0.00230376,0.280785932,none
1233,ASV7204,0,0.000278021,0,0.009267356,b
1234,ASV7220,0.000480931,0,0,0.016031031,a
1235,ASV7232,0,0.000201789,0,0.006726307,b
1236,ASV7251,0.000123316,0.000311652,0,0.014498928,b
1237,ASV7282,0,0.000263447,0,0.008781567,b
1238,ASV73,0.000667025,0.001588529,0.000691689,0.098241445,b
1239,ASV7343,0,0.00042712,0,0.014237349,b
1240,ASV7356,0,0.000220847,0,0.007361569,b
1241,ASV74,0,0.000325105,0.000178247,0.016778398,b
1242,ASV7409,0,0.000251115,0,0.008370515,b
1243,ASV7414,0.000214121,0.000168158,0,0.012742614,a
1244,ASV75,0.00058631,0.004151252,0.000349768,0.169577663,b
1245,ASV7528,0.000392368,0,0.000341921,0.024476282,a
1246,ASV753,9.64E-05,5.61E-06,0.000345284,0.01490998,c
1247,ASV7531,0.000410305,0,0,0.013676823,a
1248,ASV7536,0,0.001171498,0,0.039049947,b
1249,ASV7550,0,0.000807157,0,0.026905226,b
1250,ASV7551,0,0.000241026,0,0.0080342,b
1251,ASV7554,0,0,0.000400215,0.013340508,c
1252,ASV7558,0.000841909,0,0,0.028063646,a
1253,ASV7565,0.000483173,0.004605278,0.001266788,0.211841289,b
1254,ASV7566,0,0.000783615,7.62E-05,0.02866154,b
1255,ASV757,0.000602004,0.00028811,2.24E-06,0.029745222,a
1256,ASV7580,0.000104258,0.000263447,0.000124437,0.016404714,b
1257,ASV76,0.0036053,0.001300419,0.004620973,0.317556408,none
1258,ASV7615,0,0,0.000769041,0.025634702,c
1259,ASV7627,0,0.000406942,0,0.013564718,b
1260,ASV7639,0,0.000239905,0,0.007996831,b
1261,ASV764,0.000273536,0.000158068,0.000113226,0.018161028,a
1262,ASV765,0.002488733,2.24E-06,3.36E-06,0.083144623,a
1263,ASV7662,0.001369924,0,8.97E-06,0.045963095,a
1264,ASV7676,2.24E-06,4.48E-06,0.001400193,0.046897304,c
1265,ASV7678,2.24E-06,0,0.00100222,0.033482059,c
1266,ASV7696,0,0.001274635,0,0.042487837,b
1267,ASV7699,0,0.000868815,0.001777987,0.088226721,c
1268,ASV77,0.000198426,0.000912536,0,0.037032055,b
1269,ASV7701,0.0002769,0,0,0.009229987,a
1270,ASV7709,0,0.000774646,0,0.025821544,b
1271,ASV7728,0.000418152,0.000755588,0.000132284,0.043534151,b
1272,ASV7743,0.000349768,0,5.61E-06,0.011845773,a
1273,ASV7753,0.00022421,0.000727562,0,0.031725746,b
1274,ASV78,0.000460752,0.001323961,0.000357615,0.071410955,b
1275,ASV7874,0,0.000908051,4.48E-06,0.030417853,b
1276,ASV7898,0,0.000343042,1.12E-06,0.01147209,b
1277,ASV79,0.000506715,0.000623304,0.000582947,0.057098869,none
1278,ASV7902,0,0.000605368,1.12E-06,0.020216288,b
1279,ASV792,0.001110962,0.000653573,0,0.058817814,a
1280,ASV7923,0,0.000709625,0,0.023654178,b
1281,ASV8,0.001193919,0,0,0.039797314,a
1282,ASV8000,2.69E-05,0,0.000209637,0.007884726,c
1283,ASV8001,0,0.001067241,7.51E-05,0.038078369,b
1284,ASV8005,0.000303805,0.002229771,5.16E-05,0.086171461,b
1285,ASV8017,0,0.000794825,0.001737629,0.084415148,c
1286,ASV8041,3.70E-05,0,0.011991884,0.400962609,c
1287,ASV8043,0,1.91E-05,0.000550436,0.018983132,c
1288,ASV8059,0,0,0.002439407,0.081313573,c
1289,ASV8063,0.001084056,3.36E-06,0,0.036247319,a
1290,ASV8068,1.12E-05,0,0.001110962,0.037405738,c
1291,ASV808,0,0.00020291,0,0.006763675,b
1292,ASV8084,6.73E-06,0,0.001088541,0.036508897,c
1293,ASV8089,0.00064012,0,0,0.021337339,a
1294,ASV8092,1.12E-06,0,0.001159167,0.038676263,c
1295,ASV8096,1.12E-06,0,0.000413668,0.013826297,c
1296,ASV81,0.0002343,0.00172754,0.000220847,0.072756216,b
1297,ASV817,4.48E-06,0.000284747,5.83E-05,0.011584195,b
1298,ASV819,0.002123271,0,7.74E-05,0.07335411,a
1299,ASV82,0.00043721,0.00030941,0.001085177,0.061059916,c
1300,ASV83,0.000242147,0.000213,0.000108742,0.01879629,none
1301,ASV8345,0.00030941,0,1.57E-05,0.010836827,a
1302,ASV8351,0.00043721,0,0,0.014573664,a
1303,ASV8374,0,0,0.002128876,0.070962534,c
1304,ASV839,0.000184973,0.000667025,0.000162552,0.033818375,b
1305,ASV8409,0,0.001442793,0.000353131,0.059864129,b
1306,ASV841,0.000275779,0.00013901,6.17E-05,0.015881557,a
1307,ASV8410,0,0.000779131,0,0.025971017,b
1308,ASV842,0.000292594,7.51E-05,0.000195063,0.018758922,a
1309,ASV8422,0,0,0.000213,0.00709999,c
1310,ASV8452,0,0.000347526,0,0.011584195,b
1311,ASV8477,0,0,0.002006681,0.066889382,c
1312,ASV848,0,0,0.000213,0.00709999,c
1313,ASV8498,0.000225331,0.000226452,0.000331831,0.026120491,none
1314,ASV85,0.000190579,0.000582947,7.06E-05,0.028138383,b
1315,ASV8514,0.000214121,0,0,0.007137359,a
1316,ASV8655,0.001404677,5.61E-06,0,0.047009409,a
1317,ASV8679,0.002681554,2.24E-06,0.000243268,0.097568814,a
1318,ASV8695,0.002568328,4.48E-06,0,0.085760409,a
1319,ASV87,0.000429363,0.000273536,0.00016031,0.028773645,none
1320,ASV8704,0,0,0.00159974,0.053324664,c
1321,ASV8719,0.001440551,0,0,0.048018355,a
1322,ASV8733,2.24E-06,0,0.000982041,0.032809429,c
1323,ASV8734,0,0,0.000866572,0.02888575,c
1324,ASV8737,0.000432726,0,1.12E-06,0.014461559,a
1325,ASV8748,0.001628887,0,0,0.054296241,a
1326,ASV876,6.73E-06,0.000422636,0.001178225,0.053586242,c
1327,ASV8767,0,0,0.000515684,0.01718945,c
1328,ASV8773,0,0,0.000273536,0.009117882,c
1329,ASV878,0,0.000369947,8.41E-05,0.01513419,b
1330,ASV88,0.011321495,0.005272303,0.010577117,0.905697182,none
1331,ASV882,0.000449541,0.000733167,1.12E-06,0.039460999,b
1332,ASV8858,0.001260061,1.12E-06,2.24E-06,0.042114153,a
1333,ASV89,0.0002769,0.000221968,0.000450663,0.031651009,none
1334,ASV8980,0,0.000727562,0,0.024252072,b
1335,ASV8987,8.97E-06,0.00043721,0,0.014872611,b
1336,ASV8998,8.97E-06,0.000818367,0,0.027577857,b
1337,ASV9,0.004308199,0.014481738,0.004912446,0.790079445,b
1338,ASV90,0.009267729,0.003609785,0.010840564,0.790602602,none
1339,ASV9005,0.000475326,0,0,0.015844189,a
1340,ASV9013,0,0.000269052,0,0.008968409,b
1341,ASV9041,0.000642362,0,0,0.021412076,a
1342,ASV9044,0,0.001295935,0,0.043197836,b
1343,ASV9058,0.000230937,0,0,0.007697884,a
1344,ASV9076,2.24E-06,0.002152418,0.000993251,0.104930383,b
1345,ASV9086,0.000568373,0,0,0.018945764,a
1346,ASV9088,0,0.000747741,0.000279142,0.034229427,b
1347,ASV91,0.022471469,0.002980875,0.001419251,0.895719827,a
1348,ASV93,0.000652452,0.001248851,0.000143495,0.068159907,b
1349,ASV9324,0.000251115,0,0,0.008370515,a
1350,ASV940,0.000177126,0.000460752,0.003098585,0.124548777,c
1351,ASV941,0.005474093,0.002642317,0,0.270546998,a
1352,ASV942,0.000371068,0.000645725,0.004107531,0.170810819,c
1353,ASV945,0,0.00039461,0.000269052,0.022122075,b
1354,ASV946,0.000706262,0.00281608,0.000403578,0.130864031,b
1355,ASV9475,0.00047981,0,0,0.015993662,a
1356,ASV9476,0.001033609,3.36E-06,0.00073541,0.059079393,a
1357,ASV9478,0,0.001689424,0.001881124,0.119018258,c
1358,ASV949,0,0,0.000631152,0.021038392,c
1359,ASV95,0.000237663,0,0,0.007922094,a
1360,ASV951,4.71E-05,0.0002982,0,0.011509458,b
1361,ASV953,0.000737652,0.000116589,0.001113204,0.065581489,c
1362,ASV955,0,0,0.000680478,0.022682601,c
1363,ASV9560,0,0.000940562,0,0.031352062,b
1364,ASV9575,0,0.000293715,0,0.009790513,b
1365,ASV9579,8.97E-06,0,0.000289231,0.009939986,c
1366,ASV9593,0.000281384,0,0,0.009379461,a
1367,ASV96,0.000621062,0.001757808,0.000729804,0.10362249,b
1368,ASV963,0.001401314,4.71E-05,2.13E-05,0.048989933,a
1369,ASV968,0.000614336,0.000375552,0.001192798,0.072756216,c
1370,ASV9692,0.000902446,0,0,0.030081538,a
1371,ASV97,0.000282505,0.000151342,0.00054371,0.032585219,c
1372,ASV971,0.001446156,0.001737629,0,0.106126171,b
1373,ASV973,0,0.000204031,0.001337414,0.051381509,c
1374,ASV974,0.000383399,5.94E-05,0.004525683,0.165616615,c
1375,ASV977,4.71E-05,0.000848636,1.12E-06,0.029894696,b
1376,ASV979,2.24E-06,0.000584068,0,0.019543657,b
1377,ASV98,0.00030941,0.000247752,0.000241026,0.026606279,none
1378,ASV980,2.69E-05,0.00060761,0,0.021150497,b
1379,ASV982,0,0.000859846,0,0.02866154,b
1380,ASV984,5.94E-05,0.000441694,0,0.016703661,b
1381,ASV985,0.0001278,0.000238784,0,0.012219457,b
1382,ASV9877,2.24E-06,0.001256698,0,0.041964679,b
1383,ASV988,0.00265577,0.001161409,0.000902446,0.157320837,a
1384,ASV9890,4.48E-06,0.001980897,0,0.066179383,b
1385,ASV99,0,0.000476447,0.000280263,0.02522365,b
1386,ASV990,0.000189458,0.000608731,0,0.026606279,b
1387,ASV991,0,0,0.001088541,0.036284687,c
1388,ASV9922,0.00020291,0,0,0.006763675,a
1389,ASV996,0.001323961,0.001643461,0.003013385,0.199360254,c
1390,ASV999,0,0.000118831,0.000390126,0.01696524,c
